Device_ID,Device_Type,Location,Protocol,Traffic_Type,Data_Packets,Packet_Size(Bytes),CPU_Usage(%),Memory_Usage(%),Anomaly_Type,Attack_Label,Timestamp
DEV_0001,Camera,Industrial,Zigbee,Telemetry,388,984,31.91,77.46,Data_Theft,1,2023-01-07 14:55:53
DEV_0002,Router,Industrial,MQTT,Telemetry,2667,65,3.81,85.04,None,0,2023-01-24 04:47:31
DEV_0003,Router,Smart_City,BLE,Command_Control,2751,1032,83.86,41.84,Spoofing,1,2023-01-11 04:26:25
DEV_0004,Router,Rural,Zigbee,Video,2736,944,41.03,84.73,None,0,2023-01-22 18:56:23
DEV_0005,Router,Urban,Zigbee,Video,2139,396,50.82,11.32,None,0,2023-01-26 14:01:54
DEV_0006,Router,Urban,Zigbee,Video,2215,472,41.23,27.81,None,0,2023-01-02 16:35:00
DEV_0007,Router,Industrial,CoAP,Telemetry,1652,1382,77.43,35.48,None,0,2023-01-15 18:18:59
DEV_0008,Wearable,Smart_City,Zigbee,Normal,250,995,23.42,82.74,None,0,2023-01-30 14:30:44
DEV_0009,Smart_Meter,Smart_City,Zigbee,Video,3442,366,16.26,85.84,Malware,1,2023-01-25 22:55:09
DEV_0010,Camera,Rural,CoAP,Telemetry,4356,322,62.33,17.35,Malware,1,2023-01-11 06:49:36
DEV_0011,Wearable,Rural,BLE,Video,1169,1338,57.09,82.75,Spoofing,1,2023-01-19 18:39:02
DEV_0012,Wearable,Smart_City,MQTT,Normal,322,356,84.48,74.84,None,0,2023-01-13 04:21:20
DEV_0013,Smart_Meter,Urban,CoAP,Telemetry,294,192,56.71,66.66,Spoofing,1,2023-01-24 02:46:22
DEV_0014,Smart_Meter,Smart_City,HTTP,Normal,3274,1239,7.39,55.41,None,0,2023-01-09 04:42:48
DEV_0015,Router,Industrial,MQTT,Normal,1426,455,10.48,26.39,Spoofing,1,2023-01-16 06:10:33
DEV_0016,Smart_Meter,Industrial,Zigbee,Video,2021,117,16.64,41.69,None,0,2023-01-30 13:32:38
DEV_0017,Router,Urban,BLE,Command_Control,3193,552,88.04,82.47,DDoS,1,2023-01-07 12:13:18
DEV_0018,Router,Rural,CoAP,Telemetry,2789,384,55.07,88.41,None,0,2023-01-08 09:05:45
DEV_0019,Wearable,Rural,CoAP,Video,3891,275,47.24,47.48,Data_Theft,1,2023-01-21 03:10:02
DEV_0020,Camera,Rural,HTTP,Command_Control,4742,1167,6.03,84.55,None,0,2023-01-06 17:44:57
DEV_0021,Sensor,Industrial,CoAP,Command_Control,2217,727,13.69,73.8,None,0,2023-01-16 00:43:17
DEV_0022,Wearable,Rural,MQTT,Command_Control,3772,1334,81.09,68.26,Malware,1,2023-01-10 07:27:45
DEV_0023,Camera,Urban,CoAP,Video,4833,735,25.94,87.98,None,0,2023-01-17 13:25:31
DEV_0024,Sensor,Smart_City,CoAP,Normal,1139,773,39.23,66.11,DDoS,1,2023-01-22 21:27:50
DEV_0025,Router,Rural,HTTP,Telemetry,1342,1396,50.77,25.12,DDoS,1,2023-01-06 14:24:41
DEV_0026,Sensor,Industrial,MQTT,Normal,4110,327,72.92,83.44,None,0,2023-01-17 20:21:53
DEV_0027,Sensor,Rural,Zigbee,Command_Control,4527,1119,83.55,75.45,None,0,2023-01-26 04:44:21
DEV_0028,Camera,Industrial,MQTT,Command_Control,74,1386,6.13,21.28,Spoofing,1,2023-01-05 18:53:15
DEV_0029,Smart_Meter,Urban,BLE,Command_Control,1388,246,21.95,55.56,None,0,2023-01-06 06:47:03
DEV_0030,Wearable,Urban,CoAP,Normal,1841,992,80.99,43.62,None,0,2023-01-09 20:11:26
DEV_0031,Camera,Industrial,HTTP,Video,4994,1270,52.27,22.24,DDoS,1,2023-01-14 12:24:41
DEV_0032,Wearable,Industrial,CoAP,Normal,3241,1147,25.03,25.62,Data_Theft,1,2023-01-22 03:38:16
DEV_0033,Smart_Meter,Industrial,HTTP,Normal,2426,1402,20.86,47.24,Spoofing,1,2023-01-06 17:14:45
DEV_0034,Router,Rural,BLE,Video,3764,284,9.37,24.91,Data_Theft,1,2023-01-06 03:36:38
DEV_0035,Smart_Meter,Smart_City,HTTP,Telemetry,2024,860,65.46,52.37,None,0,2023-01-03 00:47:34
DEV_0036,Smart_Meter,Industrial,Zigbee,Normal,1503,1460,27.02,54.39,Spoofing,1,2023-01-23 20:59:38
DEV_0037,Smart_Meter,Urban,CoAP,Telemetry,3429,78,54.48,75.28,None,0,2023-01-08 04:30:38
DEV_0038,Router,Industrial,CoAP,Normal,3260,255,43.07,92.63,DDoS,1,2023-01-29 02:59:11
DEV_0039,Smart_Meter,Urban,MQTT,Command_Control,3932,1219,88.92,82.21,None,0,2023-01-29 09:18:34
DEV_0040,Sensor,Industrial,BLE,Telemetry,3710,206,33.99,12.46,None,0,2023-01-14 08:45:12
DEV_0041,Router,Rural,BLE,Video,1215,901,50.01,91.7,DDoS,1,2023-01-17 15:07:47
DEV_0042,Sensor,Smart_City,HTTP,Command_Control,1806,412,18.93,80.68,Spoofing,1,2023-01-21 16:10:26
DEV_0043,Wearable,Smart_City,CoAP,Command_Control,1876,1278,68.71,30.02,DDoS,1,2023-01-09 12:58:41
DEV_0044,Camera,Rural,BLE,Normal,4862,443,61.38,92.02,Botnet,1,2023-01-09 09:02:45
DEV_0045,Sensor,Urban,Zigbee,Video,1748,1141,22.74,58.94,None,0,2023-01-10 01:24:44
DEV_0046,Wearable,Rural,MQTT,Command_Control,3953,206,77.5,93.85,DDoS,1,2023-01-15 04:03:19
DEV_0047,Wearable,Smart_City,CoAP,Command_Control,4180,128,25.31,19.82,None,0,2023-01-30 06:19:06
DEV_0048,Wearable,Urban,BLE,Video,3137,1342,85.23,6.31,None,0,2023-01-29 00:41:30
DEV_0049,Smart_Meter,Smart_City,HTTP,Command_Control,3054,178,49.39,13.53,DDoS,1,2023-01-12 11:51:17
DEV_0050,Camera,Smart_City,HTTP,Telemetry,1459,535,17.04,22.83,Malware,1,2023-01-24 07:44:46
DEV_0051,Wearable,Rural,CoAP,Video,3895,855,61.46,50.38,Data_Theft,1,2023-01-07 11:47:36
DEV_0052,Camera,Smart_City,CoAP,Telemetry,1860,301,23.95,74.67,None,0,2023-01-15 09:07:03
DEV_0053,Sensor,Rural,CoAP,Telemetry,674,344,40.49,41.1,None,0,2023-01-09 06:46:54
DEV_0054,Smart_Meter,Industrial,HTTP,Command_Control,3575,348,5.33,35.24,None,0,2023-01-14 08:21:03
DEV_0055,Smart_Meter,Industrial,HTTP,Video,4262,541,21.12,11.01,None,0,2023-01-20 08:54:36
DEV_0056,Smart_Meter,Smart_City,HTTP,Telemetry,2687,1046,12.6,54.63,Malware,1,2023-01-15 21:17:51
DEV_0057,Router,Urban,CoAP,Telemetry,2880,654,1.77,82.56,Malware,1,2023-01-06 12:36:56
DEV_0058,Sensor,Industrial,MQTT,Telemetry,1760,1320,83.73,85.32,Malware,1,2023-01-19 04:32:42
DEV_0059,Camera,Industrial,BLE,Video,3432,1417,41.56,83.28,Botnet,1,2023-01-27 00:03:57
DEV_0060,Smart_Meter,Industrial,MQTT,Video,483,1314,87.86,75.27,DDoS,1,2023-01-08 03:03:37
DEV_0061,Sensor,Urban,MQTT,Telemetry,605,204,8.71,25.77,Malware,1,2023-01-30 11:33:47
DEV_0062,Smart_Meter,Urban,Zigbee,Command_Control,4575,1063,28.43,33.25,None,0,2023-01-16 10:37:58
DEV_0063,Camera,Rural,HTTP,Video,3057,1325,65.33,64.08,Botnet,1,2023-01-05 16:17:53
DEV_0064,Smart_Meter,Smart_City,CoAP,Normal,2396,703,44.71,90.85,Data_Theft,1,2023-01-14 08:42:49
DEV_0065,Router,Smart_City,MQTT,Normal,2781,238,74.77,32.55,None,0,2023-01-15 07:34:36
DEV_0066,Router,Rural,Zigbee,Normal,3270,1488,29.58,15.26,Malware,1,2023-01-22 11:18:15
DEV_0067,Router,Smart_City,HTTP,Normal,1216,497,47.6,66.69,None,0,2023-01-06 15:41:05
DEV_0068,Smart_Meter,Rural,CoAP,Telemetry,3827,220,24.68,88.13,Spoofing,1,2023-01-06 14:36:21
DEV_0069,Smart_Meter,Rural,CoAP,Command_Control,2649,142,55.92,89.73,None,0,2023-01-10 04:19:20
DEV_0070,Sensor,Urban,Zigbee,Normal,544,1278,5.6,9.45,None,0,2023-01-06 02:32:55
DEV_0071,Smart_Meter,Smart_City,Zigbee,Command_Control,178,1113,47.69,52.21,DDoS,1,2023-01-27 03:26:26
DEV_0072,Wearable,Smart_City,BLE,Normal,4250,580,77.01,66.82,DDoS,1,2023-01-22 02:06:07
DEV_0073,Camera,Industrial,MQTT,Normal,478,814,15.52,59.37,Malware,1,2023-01-09 18:44:25
DEV_0074,Router,Smart_City,HTTP,Normal,4722,430,36.24,49.77,None,0,2023-01-10 19:22:43
DEV_0075,Sensor,Industrial,MQTT,Command_Control,1343,934,31.49,73.03,None,0,2023-01-27 18:27:23
DEV_0076,Camera,Rural,CoAP,Telemetry,2289,1286,65.6,82.05,None,0,2023-01-26 02:51:36
DEV_0077,Camera,Rural,HTTP,Telemetry,1147,171,20.83,31.59,None,0,2023-01-11 18:38:20
DEV_0078,Smart_Meter,Industrial,BLE,Telemetry,4220,1168,52.58,65.19,None,0,2023-01-23 05:51:52
DEV_0079,Camera,Industrial,MQTT,Command_Control,57,165,4.48,47.24,None,0,2023-01-11 19:57:33
DEV_0080,Wearable,Smart_City,MQTT,Telemetry,3289,698,10.24,46.39,Botnet,1,2023-01-10 09:23:46
DEV_0081,Smart_Meter,Rural,Zigbee,Normal,1895,782,28.47,53.55,None,0,2023-01-24 15:05:04
DEV_0082,Router,Urban,MQTT,Command_Control,4331,1397,30.27,65.93,None,0,2023-01-09 19:37:23
DEV_0083,Router,Rural,CoAP,Normal,4829,1225,17.68,84.99,None,0,2023-01-30 21:45:47
DEV_0084,Smart_Meter,Rural,Zigbee,Command_Control,2717,487,50.19,71.8,Spoofing,1,2023-01-27 21:46:47
DEV_0085,Smart_Meter,Rural,MQTT,Telemetry,2658,339,89.64,57.64,None,0,2023-01-04 00:27:34
DEV_0086,Smart_Meter,Industrial,BLE,Command_Control,3311,707,55.98,77.62,None,0,2023-01-09 12:44:02
DEV_0087,Wearable,Rural,CoAP,Video,4414,364,41.62,46.03,None,0,2023-01-13 11:56:21
DEV_0088,Sensor,Rural,MQTT,Telemetry,1348,1480,55.92,12.73,Malware,1,2023-01-09 22:14:33
DEV_0089,Router,Smart_City,HTTP,Telemetry,3028,765,65.99,87.08,None,0,2023-01-20 04:02:21
DEV_0090,Sensor,Smart_City,MQTT,Normal,2736,578,7.37,90.27,Data_Theft,1,2023-01-25 17:23:23
DEV_0091,Sensor,Industrial,MQTT,Command_Control,3917,932,9.53,63.52,None,0,2023-01-15 16:35:28
DEV_0092,Smart_Meter,Smart_City,BLE,Video,555,959,41.86,43.34,Malware,1,2023-01-17 20:00:21
DEV_0093,Camera,Rural,HTTP,Video,141,144,18.66,94.79,None,0,2023-01-16 23:57:40
DEV_0094,Router,Urban,CoAP,Video,699,1228,49.46,20.98,None,0,2023-01-29 20:33:09
DEV_0095,Camera,Rural,BLE,Telemetry,2416,716,83.61,8.99,Data_Theft,1,2023-01-29 00:53:59
DEV_0096,Sensor,Urban,HTTP,Video,4955,468,74.25,49.99,None,0,2023-01-03 01:32:15
DEV_0097,Wearable,Rural,HTTP,Command_Control,719,1157,83.72,43.72,None,0,2023-01-22 09:32:51
DEV_0098,Sensor,Urban,CoAP,Telemetry,553,1279,5.15,34.12,None,0,2023-01-03 07:45:10
DEV_0099,Sensor,Smart_City,Zigbee,Video,1457,234,60.3,53.77,Botnet,1,2023-01-03 20:05:39
DEV_0100,Camera,Industrial,MQTT,Video,4469,1006,14.14,22.75,None,0,2023-01-01 13:21:21
DEV_0101,Router,Urban,MQTT,Telemetry,2169,1020,21.35,13.85,Malware,1,2023-01-04 03:42:41
DEV_0102,Wearable,Smart_City,CoAP,Normal,2945,270,72.79,14.62,DDoS,1,2023-01-15 00:33:09
DEV_0103,Wearable,Urban,Zigbee,Normal,3218,498,86.71,11.9,Spoofing,1,2023-01-13 02:23:27
DEV_0104,Camera,Industrial,HTTP,Video,1316,954,52.66,24.32,Botnet,1,2023-01-28 02:52:39
DEV_0105,Smart_Meter,Urban,Zigbee,Telemetry,2682,1345,74.43,65.06,Data_Theft,1,2023-01-13 17:00:51
DEV_0106,Router,Industrial,MQTT,Video,3365,1400,45.39,69.4,Botnet,1,2023-01-14 12:10:15
DEV_0107,Wearable,Urban,HTTP,Telemetry,535,569,44.0,34.98,Malware,1,2023-01-24 04:34:51
DEV_0108,Smart_Meter,Urban,CoAP,Telemetry,3505,77,15.82,18.53,None,0,2023-01-23 20:56:41
DEV_0109,Camera,Industrial,Zigbee,Video,769,1129,3.32,6.89,Data_Theft,1,2023-01-05 06:08:35
DEV_0110,Wearable,Rural,Zigbee,Normal,3534,532,41.7,11.83,None,0,2023-01-06 13:39:37
DEV_0111,Sensor,Industrial,HTTP,Telemetry,2132,650,35.62,70.94,Malware,1,2023-01-29 20:58:51
DEV_0112,Sensor,Rural,Zigbee,Normal,1382,72,43.39,53.76,None,0,2023-01-22 23:04:27
DEV_0113,Smart_Meter,Rural,HTTP,Telemetry,1342,616,9.37,17.42,None,0,2023-01-23 18:15:25
DEV_0114,Smart_Meter,Smart_City,BLE,Video,4949,1432,10.96,71.08,Botnet,1,2023-01-24 16:38:16
DEV_0115,Router,Urban,Zigbee,Telemetry,818,224,83.86,62.53,None,0,2023-01-18 17:56:48
DEV_0116,Sensor,Smart_City,HTTP,Normal,4120,1400,3.97,28.15,DDoS,1,2023-01-17 14:41:29
DEV_0117,Smart_Meter,Urban,BLE,Normal,4368,351,3.06,10.23,None,0,2023-01-27 19:21:56
DEV_0118,Router,Industrial,Zigbee,Command_Control,3950,949,45.0,22.48,DDoS,1,2023-01-24 20:06:44
DEV_0119,Camera,Rural,BLE,Telemetry,4368,648,75.9,70.37,None,0,2023-01-17 01:20:40
DEV_0120,Router,Rural,Zigbee,Command_Control,2197,1412,4.97,63.29,None,0,2023-01-06 17:12:10
DEV_0121,Sensor,Industrial,BLE,Command_Control,4171,213,25.83,11.57,None,0,2023-01-01 04:25:02
DEV_0122,Camera,Rural,HTTP,Video,1216,197,62.52,67.16,Data_Theft,1,2023-01-23 12:44:12
DEV_0123,Router,Smart_City,MQTT,Video,4359,1034,38.37,40.34,None,0,2023-01-08 14:10:28
DEV_0124,Wearable,Smart_City,MQTT,Telemetry,2506,1207,10.97,54.75,None,0,2023-01-24 14:05:47
DEV_0125,Router,Industrial,BLE,Telemetry,2894,1436,18.29,48.92,None,0,2023-01-23 14:15:00
DEV_0126,Camera,Rural,BLE,Video,1189,562,32.13,80.15,None,0,2023-01-16 10:56:34
DEV_0127,Sensor,Rural,BLE,Normal,4265,1431,37.2,73.36,Botnet,1,2023-01-04 06:11:59
DEV_0128,Router,Industrial,CoAP,Video,4008,698,16.63,14.46,DDoS,1,2023-01-21 21:43:24
DEV_0129,Wearable,Rural,MQTT,Telemetry,1554,1155,15.31,78.5,Malware,1,2023-01-22 11:58:02
DEV_0130,Sensor,Rural,BLE,Telemetry,1633,951,19.26,16.06,None,0,2023-01-06 12:32:52
DEV_0131,Router,Smart_City,BLE,Telemetry,3626,1102,40.47,19.06,None,0,2023-01-12 13:20:23
DEV_0132,Router,Urban,HTTP,Normal,3854,1318,46.54,19.89,Malware,1,2023-01-16 08:02:43
DEV_0133,Wearable,Rural,BLE,Video,2325,1184,75.29,87.26,Botnet,1,2023-01-04 04:41:42
DEV_0134,Camera,Smart_City,HTTP,Video,1060,273,61.57,75.31,None,0,2023-01-14 09:21:27
DEV_0135,Smart_Meter,Industrial,HTTP,Telemetry,1120,1263,19.4,22.22,Data_Theft,1,2023-01-13 19:27:14
DEV_0136,Wearable,Rural,CoAP,Video,943,692,57.43,27.45,Malware,1,2023-01-13 16:05:23
DEV_0137,Sensor,Smart_City,CoAP,Video,4462,1248,51.62,5.82,None,0,2023-01-29 16:52:07
DEV_0138,Sensor,Rural,MQTT,Normal,1527,429,54.43,57.9,None,0,2023-01-25 14:08:17
DEV_0139,Sensor,Urban,Zigbee,Telemetry,3444,1450,74.24,82.84,Data_Theft,1,2023-01-17 00:59:38
DEV_0140,Camera,Industrial,BLE,Command_Control,905,1266,53.19,84.77,None,0,2023-01-17 11:09:00
DEV_0141,Camera,Rural,CoAP,Normal,1939,969,25.68,23.48,Spoofing,1,2023-01-13 01:23:13
DEV_0142,Sensor,Urban,BLE,Normal,2382,244,8.13,51.5,None,0,2023-01-14 01:21:00
DEV_0143,Sensor,Urban,HTTP,Normal,3110,564,86.45,5.66,None,0,2023-01-25 23:38:56
DEV_0144,Wearable,Urban,Zigbee,Command_Control,86,640,33.48,10.51,None,0,2023-01-10 16:32:21
DEV_0145,Router,Rural,Zigbee,Normal,4599,175,73.21,39.87,None,0,2023-01-28 18:55:17
DEV_0146,Camera,Rural,Zigbee,Normal,894,865,32.61,72.6,DDoS,1,2023-01-26 04:40:57
DEV_0147,Camera,Smart_City,CoAP,Telemetry,1838,1320,71.7,24.7,None,0,2023-01-14 10:35:02
DEV_0148,Camera,Industrial,BLE,Telemetry,588,1456,87.82,66.43,Data_Theft,1,2023-01-09 23:50:04
DEV_0149,Sensor,Industrial,BLE,Telemetry,4430,1367,70.97,6.0,Malware,1,2023-01-08 04:53:16
DEV_0150,Smart_Meter,Rural,Zigbee,Command_Control,4908,1199,22.32,50.41,None,0,2023-01-09 07:06:06
DEV_0151,Wearable,Industrial,BLE,Video,3779,777,61.85,30.31,DDoS,1,2023-01-13 16:00:36
DEV_0152,Camera,Rural,BLE,Normal,2254,1041,22.12,6.71,Spoofing,1,2023-01-06 00:23:18
DEV_0153,Smart_Meter,Rural,Zigbee,Command_Control,2081,1234,89.02,51.72,None,0,2023-01-21 00:11:02
DEV_0154,Router,Urban,CoAP,Command_Control,1806,1398,51.33,86.67,None,0,2023-01-16 18:46:07
DEV_0155,Camera,Rural,Zigbee,Command_Control,3946,916,8.84,81.01,Botnet,1,2023-01-09 22:57:34
DEV_0156,Camera,Urban,HTTP,Video,2074,101,14.83,74.92,None,0,2023-01-03 02:50:34
DEV_0157,Smart_Meter,Industrial,HTTP,Command_Control,3095,901,68.7,83.29,Data_Theft,1,2023-01-11 16:01:03
DEV_0158,Smart_Meter,Smart_City,HTTP,Command_Control,3012,975,5.02,11.44,Data_Theft,1,2023-01-24 05:44:48
DEV_0159,Sensor,Smart_City,Zigbee,Normal,3336,1257,46.54,59.65,Spoofing,1,2023-01-08 08:36:40
DEV_0160,Smart_Meter,Smart_City,HTTP,Video,2175,455,89.0,22.51,Spoofing,1,2023-01-20 03:34:42
DEV_0161,Smart_Meter,Smart_City,BLE,Telemetry,533,1401,48.11,91.47,None,0,2023-01-17 13:06:50
DEV_0162,Wearable,Industrial,Zigbee,Telemetry,2317,1311,2.77,6.8,Botnet,1,2023-01-09 08:27:28
DEV_0163,Wearable,Smart_City,HTTP,Normal,680,553,48.28,42.86,Malware,1,2023-01-24 18:27:40
DEV_0164,Sensor,Rural,CoAP,Video,4155,852,5.33,50.07,Spoofing,1,2023-01-30 09:23:07
DEV_0165,Wearable,Rural,HTTP,Command_Control,2063,1087,63.43,25.79,Botnet,1,2023-01-24 09:16:37
DEV_0166,Sensor,Industrial,CoAP,Telemetry,2641,325,23.44,26.5,None,0,2023-01-04 18:57:58
DEV_0167,Smart_Meter,Rural,MQTT,Telemetry,440,959,57.42,19.7,None,0,2023-01-22 05:09:17
DEV_0168,Router,Urban,BLE,Telemetry,981,873,44.23,75.45,None,0,2023-01-11 11:49:32
DEV_0169,Camera,Smart_City,CoAP,Video,2107,1285,3.04,21.1,Botnet,1,2023-01-22 16:01:07
DEV_0170,Router,Smart_City,HTTP,Telemetry,2810,972,72.34,30.29,None,0,2023-01-04 05:38:52
DEV_0171,Smart_Meter,Industrial,MQTT,Command_Control,3157,1482,9.94,15.05,DDoS,1,2023-01-27 18:48:24
DEV_0172,Router,Industrial,BLE,Telemetry,1212,220,82.13,41.09,None,0,2023-01-03 10:57:22
DEV_0173,Wearable,Rural,MQTT,Normal,4789,171,49.87,91.81,None,0,2023-01-01 04:37:29
DEV_0174,Sensor,Rural,CoAP,Command_Control,3099,1283,51.77,66.15,None,0,2023-01-13 13:29:49
DEV_0175,Sensor,Smart_City,HTTP,Video,3135,217,70.07,53.39,None,0,2023-01-21 01:50:18
DEV_0176,Camera,Smart_City,MQTT,Telemetry,535,742,74.68,92.81,None,0,2023-01-03 07:22:03
DEV_0177,Router,Industrial,BLE,Telemetry,2487,873,45.94,75.83,None,0,2023-01-03 00:26:11
DEV_0178,Router,Smart_City,CoAP,Command_Control,2832,1173,78.71,13.89,None,0,2023-01-02 03:48:36
DEV_0179,Sensor,Rural,MQTT,Telemetry,2097,107,22.38,38.69,None,0,2023-01-17 08:09:31
DEV_0180,Sensor,Rural,BLE,Command_Control,1549,531,18.43,10.57,None,0,2023-01-18 21:29:59
DEV_0181,Sensor,Industrial,CoAP,Command_Control,1960,490,22.0,16.98,Data_Theft,1,2023-01-04 20:08:55
DEV_0182,Sensor,Urban,MQTT,Command_Control,1123,1417,85.2,36.73,Botnet,1,2023-01-28 03:22:06
DEV_0183,Camera,Urban,CoAP,Telemetry,3216,302,78.24,76.5,Data_Theft,1,2023-01-28 01:49:13
DEV_0184,Camera,Urban,MQTT,Normal,4403,621,82.34,48.71,Malware,1,2023-01-26 19:17:00
DEV_0185,Sensor,Urban,Zigbee,Video,2471,354,81.58,92.63,None,0,2023-01-07 03:41:00
DEV_0186,Wearable,Industrial,MQTT,Normal,4143,1303,78.11,37.34,None,0,2023-01-15 09:59:17
DEV_0187,Router,Rural,Zigbee,Video,4194,1115,72.5,67.47,Spoofing,1,2023-01-09 06:54:26
DEV_0188,Wearable,Rural,CoAP,Video,4843,1188,28.44,58.81,Malware,1,2023-01-16 05:37:38
DEV_0189,Wearable,Industrial,BLE,Command_Control,306,315,54.41,16.47,Data_Theft,1,2023-01-29 08:26:01
DEV_0190,Router,Rural,HTTP,Command_Control,161,1456,40.83,70.62,None,0,2023-01-08 18:42:18
DEV_0191,Router,Rural,BLE,Telemetry,2340,157,3.61,17.64,None,0,2023-01-04 17:28:55
DEV_0192,Wearable,Industrial,MQTT,Video,4736,752,14.96,24.08,Spoofing,1,2023-01-27 21:01:09
DEV_0193,Smart_Meter,Urban,MQTT,Command_Control,1668,690,64.08,36.15,None,0,2023-01-28 22:19:13
DEV_0194,Wearable,Rural,Zigbee,Video,4645,179,16.26,31.21,None,0,2023-01-16 08:01:23
DEV_0195,Sensor,Industrial,CoAP,Command_Control,3510,908,86.13,75.56,None,0,2023-01-10 19:38:54
DEV_0196,Router,Rural,HTTP,Command_Control,4454,220,81.23,40.48,Data_Theft,1,2023-01-21 23:06:26
DEV_0197,Camera,Rural,BLE,Normal,1429,828,52.23,20.09,None,0,2023-01-05 14:16:40
DEV_0198,Camera,Urban,HTTP,Normal,4018,927,8.62,14.45,None,0,2023-01-24 08:56:42
DEV_0199,Sensor,Smart_City,BLE,Telemetry,1729,1144,15.61,71.57,None,0,2023-01-30 16:19:49
DEV_0200,Router,Urban,MQTT,Normal,299,577,12.21,6.26,None,0,2023-01-02 07:12:27
DEV_0201,Smart_Meter,Industrial,MQTT,Video,2019,632,28.9,87.01,None,0,2023-01-29 23:42:35
DEV_0202,Wearable,Smart_City,MQTT,Video,3583,1058,15.49,16.88,DDoS,1,2023-01-09 05:21:53
DEV_0203,Router,Smart_City,CoAP,Video,3989,726,72.28,12.18,Data_Theft,1,2023-01-02 08:35:12
DEV_0204,Camera,Industrial,Zigbee,Normal,54,1373,76.16,19.59,Data_Theft,1,2023-01-03 08:13:28
DEV_0205,Router,Urban,Zigbee,Command_Control,2280,1271,58.61,40.72,Botnet,1,2023-01-06 04:59:57
DEV_0206,Camera,Smart_City,HTTP,Telemetry,2549,1287,61.36,30.59,None,0,2023-01-09 10:43:05
DEV_0207,Smart_Meter,Industrial,MQTT,Command_Control,4895,372,74.96,5.49,None,0,2023-01-19 01:11:21
DEV_0208,Smart_Meter,Smart_City,BLE,Normal,1630,1075,33.1,94.86,None,0,2023-01-19 01:26:24
DEV_0209,Router,Smart_City,HTTP,Normal,59,1153,44.64,49.33,None,0,2023-01-03 18:44:49
DEV_0210,Smart_Meter,Industrial,HTTP,Normal,979,1399,63.66,45.45,Botnet,1,2023-01-29 14:44:25
DEV_0211,Sensor,Urban,CoAP,Command_Control,4609,1303,62.1,92.61,None,0,2023-01-17 16:49:18
DEV_0212,Sensor,Urban,CoAP,Normal,3164,519,4.46,65.06,None,0,2023-01-06 16:59:52
DEV_0213,Smart_Meter,Smart_City,HTTP,Telemetry,3959,925,34.46,43.9,Malware,1,2023-01-12 19:50:39
DEV_0214,Sensor,Urban,Zigbee,Telemetry,2654,92,15.88,82.1,Data_Theft,1,2023-01-01 18:26:42
DEV_0215,Smart_Meter,Smart_City,Zigbee,Command_Control,1190,1068,39.61,70.64,None,0,2023-01-18 20:22:01
DEV_0216,Sensor,Smart_City,Zigbee,Normal,743,1467,50.59,6.63,None,0,2023-01-26 23:01:20
DEV_0217,Camera,Smart_City,CoAP,Command_Control,895,622,84.35,32.58,Malware,1,2023-01-12 01:53:42
DEV_0218,Wearable,Rural,CoAP,Normal,3389,1418,9.18,74.55,None,0,2023-01-25 09:42:04
DEV_0219,Camera,Urban,Zigbee,Video,746,1173,84.02,81.45,Spoofing,1,2023-01-14 09:20:31
DEV_0220,Router,Urban,MQTT,Video,4950,1318,34.54,33.86,None,0,2023-01-08 19:03:12
DEV_0221,Wearable,Rural,CoAP,Telemetry,3623,1009,63.01,52.85,None,0,2023-01-28 16:33:56
DEV_0222,Camera,Industrial,MQTT,Video,335,558,14.64,67.46,None,0,2023-01-16 20:55:29
DEV_0223,Camera,Urban,Zigbee,Telemetry,891,1246,82.82,20.07,DDoS,1,2023-01-16 06:53:52
DEV_0224,Smart_Meter,Rural,BLE,Normal,3572,1228,77.01,54.79,None,0,2023-01-15 14:49:02
DEV_0225,Camera,Smart_City,BLE,Video,652,1011,39.78,65.89,None,0,2023-01-11 02:42:02
DEV_0226,Smart_Meter,Industrial,Zigbee,Video,1090,1156,36.57,55.96,Data_Theft,1,2023-01-30 15:19:31
DEV_0227,Smart_Meter,Rural,MQTT,Command_Control,440,1241,11.43,89.88,None,0,2023-01-16 03:21:13
DEV_0228,Smart_Meter,Rural,CoAP,Video,3840,74,83.42,28.24,None,0,2023-01-18 23:32:17
DEV_0229,Router,Industrial,BLE,Normal,3764,153,37.55,81.88,None,0,2023-01-16 03:23:58
DEV_0230,Smart_Meter,Rural,MQTT,Video,975,765,38.82,47.24,Data_Theft,1,2023-01-19 15:26:49
DEV_0231,Router,Urban,CoAP,Video,980,1466,76.03,27.4,None,0,2023-01-07 10:05:28
DEV_0232,Wearable,Industrial,MQTT,Command_Control,2152,1197,49.39,45.67,Botnet,1,2023-01-02 21:32:35
DEV_0233,Wearable,Urban,BLE,Telemetry,63,881,87.04,51.05,Data_Theft,1,2023-01-04 12:33:04
DEV_0234,Router,Industrial,HTTP,Telemetry,3210,606,79.1,37.81,Malware,1,2023-01-15 21:17:20
DEV_0235,Sensor,Rural,HTTP,Telemetry,2940,523,47.01,94.48,Data_Theft,1,2023-01-09 23:32:56
DEV_0236,Smart_Meter,Urban,HTTP,Video,306,74,38.17,79.33,Spoofing,1,2023-01-18 10:25:11
DEV_0237,Smart_Meter,Urban,Zigbee,Command_Control,4035,1370,27.72,88.09,Malware,1,2023-01-26 03:35:59
DEV_0238,Smart_Meter,Smart_City,Zigbee,Telemetry,4828,754,2.25,74.55,None,0,2023-01-14 19:35:59
DEV_0239,Sensor,Industrial,MQTT,Telemetry,3983,1145,25.66,87.77,None,0,2023-01-22 12:01:28
DEV_0240,Sensor,Rural,BLE,Telemetry,3723,1174,73.63,55.08,None,0,2023-01-30 10:58:10
DEV_0241,Wearable,Urban,Zigbee,Command_Control,4400,581,84.43,39.46,None,0,2023-01-28 07:22:59
DEV_0242,Smart_Meter,Smart_City,Zigbee,Command_Control,4132,1269,72.71,89.27,None,0,2023-01-02 22:19:54
DEV_0243,Router,Urban,Zigbee,Telemetry,4068,1236,24.7,58.43,None,0,2023-01-14 21:01:37
DEV_0244,Smart_Meter,Urban,BLE,Telemetry,3784,458,14.83,45.73,None,0,2023-01-16 19:49:45
DEV_0245,Wearable,Rural,CoAP,Video,2819,1088,22.97,68.02,Data_Theft,1,2023-01-25 06:51:41
DEV_0246,Smart_Meter,Industrial,BLE,Normal,4191,95,82.54,66.19,None,0,2023-01-08 18:29:18
DEV_0247,Router,Urban,CoAP,Command_Control,2906,152,62.03,54.03,None,0,2023-01-09 12:13:30
DEV_0248,Sensor,Urban,Zigbee,Video,788,810,1.54,87.13,Malware,1,2023-01-14 22:15:07
DEV_0249,Wearable,Smart_City,MQTT,Telemetry,2287,557,18.12,63.99,Data_Theft,1,2023-01-09 05:31:18
DEV_0250,Router,Industrial,HTTP,Command_Control,4143,593,32.16,73.53,Botnet,1,2023-01-29 05:34:54
DEV_0251,Router,Rural,BLE,Command_Control,1564,281,85.84,68.24,Malware,1,2023-01-25 15:02:26
DEV_0252,Smart_Meter,Industrial,HTTP,Command_Control,2099,1478,22.2,39.86,Botnet,1,2023-01-23 05:51:31
DEV_0253,Wearable,Rural,BLE,Normal,716,1429,76.74,46.78,Malware,1,2023-01-27 08:25:10
DEV_0254,Sensor,Rural,BLE,Normal,4033,754,6.79,88.79,Spoofing,1,2023-01-08 13:51:05
DEV_0255,Smart_Meter,Urban,HTTP,Normal,291,1208,16.84,50.3,Spoofing,1,2023-01-20 07:58:12
DEV_0256,Camera,Smart_City,MQTT,Command_Control,855,986,2.59,69.96,None,0,2023-01-28 15:28:24
DEV_0257,Router,Rural,BLE,Normal,983,154,3.98,51.11,Data_Theft,1,2023-01-22 14:39:34
DEV_0258,Smart_Meter,Industrial,MQTT,Normal,322,664,42.97,55.2,Botnet,1,2023-01-23 00:36:58
DEV_0259,Router,Urban,CoAP,Video,3193,1087,11.28,69.66,None,0,2023-01-27 00:05:18
DEV_0260,Wearable,Smart_City,HTTP,Video,1705,1238,64.29,55.71,None,0,2023-01-13 14:08:04
DEV_0261,Sensor,Rural,BLE,Normal,2118,855,23.14,87.43,Data_Theft,1,2023-01-04 10:20:04
DEV_0262,Camera,Urban,BLE,Telemetry,753,1094,71.65,10.48,Botnet,1,2023-01-24 07:57:34
DEV_0263,Sensor,Rural,MQTT,Video,283,269,73.67,43.46,Data_Theft,1,2023-01-26 04:41:17
DEV_0264,Wearable,Industrial,MQTT,Normal,628,1400,57.79,79.91,Spoofing,1,2023-01-13 00:16:52
DEV_0265,Camera,Urban,CoAP,Normal,4470,673,82.35,11.04,None,0,2023-01-13 18:42:02
DEV_0266,Router,Urban,Zigbee,Video,1735,990,58.03,88.1,None,0,2023-01-23 03:46:12
DEV_0267,Sensor,Rural,CoAP,Telemetry,162,497,31.73,75.78,Botnet,1,2023-01-13 15:35:43
DEV_0268,Sensor,Smart_City,HTTP,Normal,3530,798,59.71,44.15,None,0,2023-01-01 10:03:15
DEV_0269,Router,Rural,Zigbee,Command_Control,459,459,59.82,60.12,None,0,2023-01-23 20:22:36
DEV_0270,Camera,Rural,HTTP,Command_Control,1240,743,86.79,93.74,None,0,2023-01-20 05:10:10
DEV_0271,Wearable,Smart_City,BLE,Telemetry,4125,210,2.68,84.95,Malware,1,2023-01-11 14:40:58
DEV_0272,Smart_Meter,Industrial,HTTP,Telemetry,3423,797,33.91,46.23,None,0,2023-01-24 01:36:44
DEV_0273,Router,Industrial,BLE,Command_Control,2169,743,72.36,28.53,Botnet,1,2023-01-11 23:33:57
DEV_0274,Router,Industrial,MQTT,Command_Control,3650,1373,7.7,62.96,None,0,2023-01-08 15:26:02
DEV_0275,Wearable,Rural,BLE,Command_Control,1311,302,5.52,71.27,DDoS,1,2023-01-12 12:01:32
DEV_0276,Wearable,Rural,CoAP,Normal,2232,772,86.68,26.85,DDoS,1,2023-01-10 13:20:59
DEV_0277,Camera,Urban,HTTP,Telemetry,4074,433,80.66,15.51,None,0,2023-01-12 04:23:35
DEV_0278,Sensor,Urban,HTTP,Telemetry,1269,413,43.04,16.65,None,0,2023-01-27 00:37:06
DEV_0279,Router,Rural,BLE,Normal,738,306,15.75,59.39,Botnet,1,2023-01-22 05:56:35
DEV_0280,Camera,Industrial,BLE,Video,1127,375,25.36,69.68,None,0,2023-01-10 17:34:55
DEV_0281,Router,Smart_City,HTTP,Normal,418,71,1.33,13.64,None,0,2023-01-27 23:57:50
DEV_0282,Wearable,Smart_City,MQTT,Video,1736,287,75.48,91.05,None,0,2023-01-24 15:45:46
DEV_0283,Router,Rural,BLE,Video,2926,819,42.7,52.06,DDoS,1,2023-01-21 17:29:07
DEV_0284,Smart_Meter,Rural,BLE,Command_Control,2735,690,34.11,35.89,None,0,2023-01-21 13:25:35
DEV_0285,Router,Rural,BLE,Normal,4298,959,25.79,13.6,Malware,1,2023-01-30 01:01:12
DEV_0286,Smart_Meter,Smart_City,MQTT,Normal,1298,330,29.79,35.24,Malware,1,2023-01-27 00:10:10
DEV_0287,Camera,Industrial,CoAP,Telemetry,2637,557,87.94,84.78,None,0,2023-01-27 20:25:29
DEV_0288,Camera,Industrial,CoAP,Telemetry,3858,117,74.26,38.87,Data_Theft,1,2023-01-03 05:47:45
DEV_0289,Smart_Meter,Industrial,MQTT,Video,3953,1108,82.78,54.13,Data_Theft,1,2023-01-03 14:41:42
DEV_0290,Smart_Meter,Smart_City,BLE,Normal,3752,1338,10.73,89.04,None,0,2023-01-30 15:55:57
DEV_0291,Router,Urban,Zigbee,Normal,2897,912,12.62,53.14,None,0,2023-01-17 08:01:30
DEV_0292,Router,Rural,CoAP,Command_Control,4387,499,31.43,51.39,None,0,2023-01-09 18:37:32
DEV_0293,Wearable,Smart_City,BLE,Telemetry,2160,380,39.2,82.55,Data_Theft,1,2023-01-17 23:55:36
DEV_0294,Camera,Smart_City,CoAP,Video,194,615,24.69,85.73,Spoofing,1,2023-01-23 16:43:27
DEV_0295,Wearable,Rural,MQTT,Video,4983,1471,43.12,66.69,None,0,2023-01-08 02:55:38
DEV_0296,Router,Industrial,BLE,Telemetry,2987,1428,83.53,32.54,Malware,1,2023-01-16 06:03:37
DEV_0297,Camera,Smart_City,HTTP,Command_Control,3532,779,16.13,63.64,Spoofing,1,2023-01-29 13:04:28
DEV_0298,Wearable,Rural,CoAP,Telemetry,4789,129,48.79,52.25,DDoS,1,2023-01-19 05:27:35
DEV_0299,Wearable,Rural,HTTP,Normal,2666,328,85.73,17.24,None,0,2023-01-04 22:23:05
DEV_0300,Sensor,Smart_City,Zigbee,Telemetry,2080,194,2.63,93.88,Spoofing,1,2023-01-16 07:33:17
DEV_0301,Router,Industrial,MQTT,Command_Control,840,716,68.29,42.98,None,0,2023-01-22 13:38:31
DEV_0302,Wearable,Urban,Zigbee,Telemetry,1694,354,18.16,77.71,DDoS,1,2023-01-13 13:29:59
DEV_0303,Router,Rural,MQTT,Command_Control,368,1017,20.66,62.79,None,0,2023-01-21 13:11:54
DEV_0304,Wearable,Industrial,CoAP,Normal,2865,417,72.77,62.49,DDoS,1,2023-01-24 11:50:18
DEV_0305,Router,Urban,HTTP,Telemetry,4132,1410,72.93,64.96,Spoofing,1,2023-01-10 00:48:18
DEV_0306,Sensor,Urban,BLE,Normal,2052,216,41.69,26.27,Data_Theft,1,2023-01-20 02:32:49
DEV_0307,Sensor,Smart_City,BLE,Telemetry,1647,269,35.18,46.84,Botnet,1,2023-01-21 06:11:43
DEV_0308,Sensor,Industrial,HTTP,Video,2692,1172,43.88,89.78,None,0,2023-01-13 12:40:17
DEV_0309,Camera,Industrial,MQTT,Video,3814,1054,20.1,23.27,Botnet,1,2023-01-03 16:08:04
DEV_0310,Router,Smart_City,HTTP,Video,2133,884,6.46,69.49,Malware,1,2023-01-20 15:39:46
DEV_0311,Wearable,Rural,BLE,Normal,3132,859,76.56,23.79,None,0,2023-01-23 01:14:33
DEV_0312,Sensor,Rural,HTTP,Telemetry,1899,738,6.36,42.34,None,0,2023-01-11 13:55:55
DEV_0313,Wearable,Rural,HTTP,Normal,3451,967,27.35,71.41,None,0,2023-01-21 07:47:35
DEV_0314,Router,Rural,Zigbee,Command_Control,2696,157,55.18,77.37,Botnet,1,2023-01-05 22:06:26
DEV_0315,Sensor,Smart_City,Zigbee,Normal,3435,1280,40.98,6.32,None,0,2023-01-20 10:32:21
DEV_0316,Wearable,Urban,CoAP,Command_Control,2758,1341,9.86,79.87,Data_Theft,1,2023-01-16 19:17:37
DEV_0317,Wearable,Smart_City,CoAP,Telemetry,1740,615,15.21,41.0,Data_Theft,1,2023-01-30 16:53:42
DEV_0318,Wearable,Smart_City,HTTP,Normal,4403,221,44.18,31.34,None,0,2023-01-24 19:00:35
DEV_0319,Camera,Urban,Zigbee,Telemetry,446,776,49.24,59.12,Data_Theft,1,2023-01-11 10:18:59
DEV_0320,Camera,Rural,BLE,Video,2453,1169,62.66,86.58,Botnet,1,2023-01-16 14:08:53
DEV_0321,Router,Urban,Zigbee,Command_Control,3138,547,19.07,5.78,None,0,2023-01-12 05:37:10
DEV_0322,Smart_Meter,Urban,CoAP,Command_Control,4872,865,73.71,54.94,Botnet,1,2023-01-25 03:40:51
DEV_0323,Router,Rural,BLE,Telemetry,602,532,71.46,86.26,None,0,2023-01-07 15:50:31
DEV_0324,Sensor,Industrial,MQTT,Command_Control,718,259,88.46,91.72,Spoofing,1,2023-01-28 18:28:50
DEV_0325,Wearable,Industrial,MQTT,Normal,1262,279,6.68,20.1,None,0,2023-01-22 01:04:53
DEV_0326,Router,Smart_City,Zigbee,Telemetry,1516,1462,14.69,57.25,None,0,2023-01-12 16:59:42
DEV_0327,Sensor,Rural,CoAP,Video,2996,295,35.59,18.74,None,0,2023-01-15 04:22:52
DEV_0328,Camera,Industrial,HTTP,Telemetry,3112,177,47.82,54.93,Spoofing,1,2023-01-10 05:11:44
DEV_0329,Camera,Urban,CoAP,Command_Control,2323,1497,48.71,63.08,Botnet,1,2023-01-06 20:14:28
DEV_0330,Wearable,Rural,HTTP,Video,880,285,61.33,86.77,Botnet,1,2023-01-26 18:45:08
DEV_0331,Smart_Meter,Smart_City,MQTT,Telemetry,99,1497,48.28,55.07,None,0,2023-01-29 07:36:38
DEV_0332,Sensor,Industrial,BLE,Telemetry,436,1016,43.24,58.22,None,0,2023-01-03 22:27:59
DEV_0333,Smart_Meter,Smart_City,MQTT,Normal,568,483,79.17,81.53,None,0,2023-01-08 00:22:07
DEV_0334,Camera,Urban,MQTT,Normal,997,1164,40.58,68.59,Malware,1,2023-01-03 21:50:25
DEV_0335,Wearable,Rural,CoAP,Normal,4089,768,37.07,29.42,Botnet,1,2023-01-14 06:03:37
DEV_0336,Camera,Smart_City,MQTT,Command_Control,1320,1317,82.38,85.33,Malware,1,2023-01-24 18:19:25
DEV_0337,Sensor,Smart_City,CoAP,Video,3405,232,17.8,74.17,Data_Theft,1,2023-01-16 11:36:00
DEV_0338,Smart_Meter,Industrial,Zigbee,Normal,3023,932,86.11,16.44,DDoS,1,2023-01-09 02:35:00
DEV_0339,Smart_Meter,Rural,HTTP,Normal,354,503,46.6,24.84,None,0,2023-01-02 03:52:07
DEV_0340,Sensor,Urban,BLE,Telemetry,3608,1134,79.66,75.17,None,0,2023-01-27 23:03:50
DEV_0341,Wearable,Industrial,MQTT,Normal,4651,432,3.65,48.29,None,0,2023-01-16 17:25:00
DEV_0342,Wearable,Urban,HTTP,Normal,4221,1289,83.04,33.31,Malware,1,2023-01-15 01:01:35
DEV_0343,Camera,Industrial,HTTP,Telemetry,4519,238,23.28,19.9,None,0,2023-01-01 06:30:54
DEV_0344,Router,Smart_City,HTTP,Command_Control,1050,679,68.64,28.99,None,0,2023-01-01 21:38:10
DEV_0345,Router,Urban,Zigbee,Command_Control,3570,1043,8.91,50.61,None,0,2023-01-05 06:12:53
DEV_0346,Smart_Meter,Smart_City,Zigbee,Normal,4517,183,41.33,14.45,None,0,2023-01-04 05:55:43
DEV_0347,Router,Urban,HTTP,Command_Control,2693,869,12.45,8.17,Botnet,1,2023-01-05 20:57:03
DEV_0348,Wearable,Smart_City,BLE,Video,2720,683,20.92,47.55,Spoofing,1,2023-01-26 04:03:02
DEV_0349,Sensor,Smart_City,BLE,Normal,4065,708,47.89,40.78,Botnet,1,2023-01-10 19:46:31
DEV_0350,Camera,Urban,MQTT,Normal,3330,629,35.05,6.09,None,0,2023-01-21 17:31:29
DEV_0351,Router,Industrial,Zigbee,Telemetry,2875,554,15.95,56.75,None,0,2023-01-09 00:18:32
DEV_0352,Camera,Urban,MQTT,Video,3410,1064,56.79,94.57,Botnet,1,2023-01-27 02:21:57
DEV_0353,Camera,Rural,BLE,Normal,582,1143,87.96,81.23,Spoofing,1,2023-01-04 01:53:46
DEV_0354,Sensor,Industrial,HTTP,Command_Control,2921,725,85.61,69.64,Spoofing,1,2023-01-09 01:59:24
DEV_0355,Smart_Meter,Industrial,CoAP,Normal,1861,819,81.99,15.13,DDoS,1,2023-01-01 07:43:24
DEV_0356,Camera,Smart_City,HTTP,Command_Control,3257,1460,47.28,25.36,None,0,2023-01-05 19:08:09
DEV_0357,Router,Smart_City,BLE,Video,1374,1429,36.66,90.85,Data_Theft,1,2023-01-13 08:17:27
DEV_0358,Router,Industrial,MQTT,Normal,4866,76,49.51,33.69,Malware,1,2023-01-10 19:50:43
DEV_0359,Sensor,Rural,Zigbee,Telemetry,387,851,14.9,81.25,Botnet,1,2023-01-30 15:25:26
DEV_0360,Smart_Meter,Smart_City,MQTT,Normal,1998,67,36.01,75.45,DDoS,1,2023-01-25 05:31:02
DEV_0361,Wearable,Urban,HTTP,Command_Control,561,1167,17.62,75.55,Data_Theft,1,2023-01-26 21:44:10
DEV_0362,Smart_Meter,Smart_City,BLE,Video,1173,77,18.13,45.77,Malware,1,2023-01-08 19:22:50
DEV_0363,Wearable,Rural,HTTP,Telemetry,4254,98,62.19,67.61,Spoofing,1,2023-01-13 02:09:34
DEV_0364,Sensor,Industrial,HTTP,Command_Control,3948,507,24.77,88.06,DDoS,1,2023-01-04 15:42:16
DEV_0365,Wearable,Rural,BLE,Command_Control,3357,926,2.24,32.26,None,0,2023-01-07 19:58:11
DEV_0366,Camera,Urban,MQTT,Telemetry,805,1133,89.18,81.69,Botnet,1,2023-01-07 21:38:13
DEV_0367,Wearable,Smart_City,MQTT,Video,4412,585,29.28,21.87,None,0,2023-01-01 01:28:24
DEV_0368,Smart_Meter,Urban,Zigbee,Video,2784,735,71.72,44.09,None,0,2023-01-12 13:13:13
DEV_0369,Router,Rural,MQTT,Normal,4031,1373,3.22,85.09,Botnet,1,2023-01-29 11:21:57
DEV_0370,Sensor,Rural,BLE,Video,2032,321,83.59,40.43,None,0,2023-01-09 00:58:50
DEV_0371,Sensor,Urban,CoAP,Normal,1165,993,79.65,59.62,None,0,2023-01-15 19:41:21
DEV_0372,Camera,Urban,Zigbee,Normal,848,1240,62.68,62.25,DDoS,1,2023-01-05 21:39:34
DEV_0373,Router,Industrial,CoAP,Normal,663,889,19.18,63.56,None,0,2023-01-14 06:13:26
DEV_0374,Smart_Meter,Urban,CoAP,Normal,3918,1391,58.3,30.95,None,0,2023-01-14 04:10:56
DEV_0375,Smart_Meter,Smart_City,HTTP,Telemetry,1915,1195,29.39,51.63,Botnet,1,2023-01-30 23:07:40
DEV_0376,Wearable,Urban,HTTP,Command_Control,1946,729,40.77,63.76,None,0,2023-01-17 20:00:38
DEV_0377,Sensor,Industrial,BLE,Video,1088,1186,47.42,67.67,None,0,2023-01-25 01:07:18
DEV_0378,Router,Rural,MQTT,Telemetry,4314,504,73.46,80.91,None,0,2023-01-20 02:18:34
DEV_0379,Wearable,Urban,HTTP,Telemetry,492,614,4.18,64.35,None,0,2023-01-27 19:31:11
DEV_0380,Wearable,Urban,MQTT,Telemetry,2031,800,55.48,79.44,Spoofing,1,2023-01-23 14:21:30
DEV_0381,Wearable,Rural,HTTP,Command_Control,4226,1350,21.48,39.69,None,0,2023-01-21 22:51:36
DEV_0382,Smart_Meter,Urban,BLE,Command_Control,3515,546,81.82,90.23,None,0,2023-01-07 08:21:30
DEV_0383,Smart_Meter,Rural,CoAP,Video,4580,232,15.46,80.24,Data_Theft,1,2023-01-09 08:42:27
DEV_0384,Camera,Smart_City,HTTP,Telemetry,1520,709,65.69,23.06,None,0,2023-01-25 00:59:06
DEV_0385,Wearable,Industrial,MQTT,Video,4602,912,87.13,60.47,None,0,2023-01-17 08:28:34
DEV_0386,Wearable,Urban,HTTP,Command_Control,983,379,49.42,32.04,Spoofing,1,2023-01-25 02:59:55
DEV_0387,Camera,Industrial,HTTP,Normal,1919,460,77.07,75.36,None,0,2023-01-11 13:10:37
DEV_0388,Router,Urban,MQTT,Video,4141,1156,8.88,40.14,Malware,1,2023-01-10 23:36:46
DEV_0389,Camera,Smart_City,MQTT,Command_Control,279,616,89.49,64.36,None,0,2023-01-12 16:24:11
DEV_0390,Wearable,Rural,CoAP,Video,4812,197,53.9,40.18,None,0,2023-01-12 01:37:16
DEV_0391,Router,Urban,CoAP,Normal,3544,103,28.42,67.24,None,0,2023-01-18 07:08:54
DEV_0392,Wearable,Smart_City,CoAP,Command_Control,3814,776,64.28,8.1,None,0,2023-01-25 16:58:41
DEV_0393,Sensor,Rural,CoAP,Normal,2634,100,57.24,30.34,Data_Theft,1,2023-01-03 04:46:23
DEV_0394,Router,Industrial,MQTT,Normal,569,676,77.29,49.95,None,0,2023-01-15 20:30:22
DEV_0395,Camera,Urban,Zigbee,Command_Control,1989,1032,11.71,54.14,Spoofing,1,2023-01-08 03:22:49
DEV_0396,Smart_Meter,Rural,BLE,Normal,1346,1034,68.21,47.31,Botnet,1,2023-01-17 11:50:45
DEV_0397,Router,Smart_City,HTTP,Video,1779,736,75.81,76.02,None,0,2023-01-23 07:54:22
DEV_0398,Camera,Urban,Zigbee,Telemetry,3084,503,58.79,76.01,DDoS,1,2023-01-13 03:17:13
DEV_0399,Smart_Meter,Rural,BLE,Video,2516,256,52.65,33.02,None,0,2023-01-27 14:50:34
DEV_0400,Camera,Industrial,CoAP,Telemetry,2797,816,2.53,52.1,Botnet,1,2023-01-04 01:55:42
DEV_0401,Camera,Urban,BLE,Telemetry,4655,1110,82.89,43.0,None,0,2023-01-21 05:17:56
DEV_0402,Camera,Rural,MQTT,Normal,2701,1238,67.31,39.26,Malware,1,2023-01-29 00:39:20
DEV_0403,Smart_Meter,Smart_City,CoAP,Video,1203,1122,67.99,58.6,Botnet,1,2023-01-20 16:45:44
DEV_0404,Smart_Meter,Industrial,HTTP,Video,2308,516,26.52,32.73,Spoofing,1,2023-01-06 01:16:51
DEV_0405,Wearable,Rural,Zigbee,Command_Control,2771,811,57.45,35.02,None,0,2023-01-30 06:27:33
DEV_0406,Wearable,Urban,MQTT,Normal,2006,1057,48.24,20.22,None,0,2023-01-18 17:35:08
DEV_0407,Wearable,Urban,MQTT,Video,4595,812,31.58,17.59,Spoofing,1,2023-01-11 16:49:58
DEV_0408,Router,Urban,CoAP,Normal,3415,259,60.6,11.67,Botnet,1,2023-01-03 05:46:26
DEV_0409,Sensor,Rural,Zigbee,Command_Control,1160,1216,2.43,92.57,DDoS,1,2023-01-27 07:31:16
DEV_0410,Camera,Industrial,MQTT,Command_Control,4787,727,81.49,78.38,None,0,2023-01-27 01:18:45
DEV_0411,Smart_Meter,Rural,BLE,Video,4571,83,25.04,63.67,Botnet,1,2023-01-21 18:02:27
DEV_0412,Camera,Urban,CoAP,Command_Control,1485,977,30.35,79.96,None,0,2023-01-10 01:12:43
DEV_0413,Wearable,Smart_City,BLE,Telemetry,3099,874,63.18,15.74,None,0,2023-01-10 05:22:45
DEV_0414,Wearable,Smart_City,Zigbee,Normal,838,384,62.51,78.33,Data_Theft,1,2023-01-04 20:06:11
DEV_0415,Wearable,Urban,HTTP,Telemetry,4132,1016,57.81,15.89,None,0,2023-01-19 05:40:35
DEV_0416,Router,Industrial,CoAP,Normal,1763,773,59.32,64.19,None,0,2023-01-21 00:43:30
DEV_0417,Sensor,Smart_City,CoAP,Video,3493,395,48.32,80.55,Botnet,1,2023-01-03 14:52:16
DEV_0418,Router,Urban,HTTP,Video,4759,975,53.53,56.75,Data_Theft,1,2023-01-05 14:04:00
DEV_0419,Smart_Meter,Rural,CoAP,Video,2943,1479,21.78,43.47,None,0,2023-01-06 20:42:09
DEV_0420,Camera,Smart_City,BLE,Video,1831,1365,56.92,85.09,None,0,2023-01-04 18:21:37
DEV_0421,Router,Industrial,HTTP,Normal,3790,1368,11.36,29.24,None,0,2023-01-17 21:11:09
DEV_0422,Smart_Meter,Urban,CoAP,Telemetry,4210,373,61.56,73.97,Malware,1,2023-01-04 11:34:27
DEV_0423,Wearable,Industrial,BLE,Telemetry,3994,562,43.41,44.9,Malware,1,2023-01-26 18:57:47
DEV_0424,Sensor,Smart_City,HTTP,Command_Control,3124,520,17.56,71.72,None,0,2023-01-18 07:09:52
DEV_0425,Smart_Meter,Smart_City,MQTT,Command_Control,1513,146,68.66,40.31,None,0,2023-01-25 19:57:35
DEV_0426,Sensor,Smart_City,HTTP,Video,1260,267,14.38,90.58,DDoS,1,2023-01-08 16:43:55
DEV_0427,Wearable,Rural,CoAP,Telemetry,4108,367,7.32,26.3,None,0,2023-01-18 11:56:47
DEV_0428,Router,Rural,HTTP,Normal,3189,313,89.53,24.35,None,0,2023-01-27 13:43:36
DEV_0429,Smart_Meter,Smart_City,HTTP,Normal,2743,1097,6.94,83.92,Data_Theft,1,2023-01-15 10:44:29
DEV_0430,Smart_Meter,Rural,MQTT,Video,4666,415,55.22,34.07,Spoofing,1,2023-01-26 23:10:27
DEV_0431,Router,Rural,CoAP,Telemetry,4290,700,56.85,38.34,None,0,2023-01-24 17:26:29
DEV_0432,Smart_Meter,Smart_City,MQTT,Video,3080,712,88.22,48.05,Spoofing,1,2023-01-04 21:29:22
DEV_0433,Wearable,Industrial,CoAP,Telemetry,2361,589,87.95,73.75,Botnet,1,2023-01-07 05:57:55
DEV_0434,Sensor,Industrial,HTTP,Command_Control,4408,777,48.29,54.53,Data_Theft,1,2023-01-13 17:41:56
DEV_0435,Sensor,Rural,BLE,Command_Control,3210,1238,43.65,78.77,None,0,2023-01-21 03:07:58
DEV_0436,Smart_Meter,Industrial,HTTP,Telemetry,576,627,38.28,53.82,Data_Theft,1,2023-01-12 09:35:29
DEV_0437,Smart_Meter,Smart_City,BLE,Video,2353,516,63.86,75.53,DDoS,1,2023-01-12 12:13:39
DEV_0438,Smart_Meter,Rural,Zigbee,Normal,594,169,74.09,47.72,None,0,2023-01-04 09:12:07
DEV_0439,Router,Urban,CoAP,Command_Control,4761,316,11.8,6.39,DDoS,1,2023-01-23 05:38:54
DEV_0440,Sensor,Rural,Zigbee,Video,1331,343,71.99,60.17,None,0,2023-01-28 22:14:54
DEV_0441,Smart_Meter,Rural,MQTT,Command_Control,2247,413,12.01,61.06,None,0,2023-01-03 22:06:54
DEV_0442,Wearable,Industrial,BLE,Video,2494,702,73.33,18.89,Spoofing,1,2023-01-21 23:54:44
DEV_0443,Wearable,Urban,HTTP,Telemetry,1725,1379,30.76,74.67,None,0,2023-01-17 06:50:30
DEV_0444,Wearable,Industrial,MQTT,Command_Control,4876,406,44.86,10.77,Data_Theft,1,2023-01-11 17:52:24
DEV_0445,Camera,Industrial,HTTP,Telemetry,4325,1003,63.95,78.44,Malware,1,2023-01-04 05:27:57
DEV_0446,Smart_Meter,Rural,MQTT,Video,1080,858,84.23,78.92,Spoofing,1,2023-01-17 23:03:45
DEV_0447,Router,Rural,HTTP,Normal,1368,974,7.12,46.93,Data_Theft,1,2023-01-30 14:27:58
DEV_0448,Wearable,Urban,CoAP,Telemetry,2767,1312,9.87,54.67,Data_Theft,1,2023-01-15 01:36:39
DEV_0449,Router,Urban,Zigbee,Normal,123,1215,31.65,78.6,Botnet,1,2023-01-22 16:06:35
DEV_0450,Router,Urban,Zigbee,Normal,3705,1427,65.16,77.92,None,0,2023-01-10 01:24:24
DEV_0451,Smart_Meter,Urban,MQTT,Command_Control,1896,1148,54.97,46.81,None,0,2023-01-18 22:37:31
DEV_0452,Smart_Meter,Industrial,HTTP,Video,4031,334,43.58,37.5,Data_Theft,1,2023-01-27 15:20:07
DEV_0453,Router,Rural,CoAP,Video,2257,1258,17.59,45.55,DDoS,1,2023-01-09 21:18:33
DEV_0454,Wearable,Rural,Zigbee,Command_Control,3599,811,53.56,60.24,DDoS,1,2023-01-15 09:23:41
DEV_0455,Smart_Meter,Industrial,CoAP,Command_Control,4080,168,45.66,75.5,None,0,2023-01-16 06:35:39
DEV_0456,Sensor,Smart_City,Zigbee,Normal,3513,696,85.36,38.54,None,0,2023-01-23 08:18:06
DEV_0457,Sensor,Rural,MQTT,Video,629,281,2.0,46.86,None,0,2023-01-25 06:15:04
DEV_0458,Router,Urban,MQTT,Video,1958,420,19.72,40.39,None,0,2023-01-23 22:06:35
DEV_0459,Sensor,Urban,CoAP,Command_Control,4078,462,87.45,63.18,Botnet,1,2023-01-04 06:40:59
DEV_0460,Camera,Industrial,MQTT,Command_Control,3664,361,16.17,73.6,None,0,2023-01-05 04:15:51
DEV_0461,Wearable,Rural,Zigbee,Video,3952,1347,38.54,55.5,None,0,2023-01-22 23:33:56
DEV_0462,Wearable,Rural,CoAP,Video,405,1337,8.37,10.18,None,0,2023-01-23 06:04:40
DEV_0463,Camera,Rural,Zigbee,Telemetry,1329,504,39.3,69.84,DDoS,1,2023-01-20 03:46:17
DEV_0464,Smart_Meter,Urban,MQTT,Normal,235,606,81.68,75.85,None,0,2023-01-22 02:24:19
DEV_0465,Camera,Urban,Zigbee,Command_Control,1998,515,85.88,78.8,DDoS,1,2023-01-03 17:21:53
DEV_0466,Router,Smart_City,HTTP,Normal,3176,887,33.63,62.07,None,0,2023-01-30 07:28:30
DEV_0467,Sensor,Rural,HTTP,Command_Control,352,1456,24.57,54.94,Botnet,1,2023-01-28 00:01:15
DEV_0468,Sensor,Industrial,CoAP,Video,290,1030,86.88,24.59,Spoofing,1,2023-01-30 18:07:51
DEV_0469,Wearable,Urban,HTTP,Video,4797,755,30.55,86.59,Botnet,1,2023-01-12 16:30:29
DEV_0470,Wearable,Urban,CoAP,Video,318,397,84.67,38.48,None,0,2023-01-21 07:17:40
DEV_0471,Camera,Industrial,Zigbee,Telemetry,3779,789,44.57,76.75,None,0,2023-01-10 19:22:57
DEV_0472,Sensor,Industrial,HTTP,Normal,3107,302,68.31,26.3,None,0,2023-01-16 07:31:43
DEV_0473,Wearable,Smart_City,MQTT,Command_Control,4661,171,13.5,61.03,DDoS,1,2023-01-12 18:32:08
DEV_0474,Wearable,Industrial,BLE,Telemetry,4355,728,57.44,23.0,None,0,2023-01-14 14:00:41
DEV_0475,Router,Rural,BLE,Normal,2048,854,41.17,32.63,DDoS,1,2023-01-02 02:21:25
DEV_0476,Camera,Industrial,MQTT,Video,3691,571,59.16,42.71,None,0,2023-01-06 08:52:44
DEV_0477,Sensor,Smart_City,HTTP,Command_Control,4403,1154,21.7,51.26,None,0,2023-01-28 15:02:53
DEV_0478,Wearable,Urban,HTTP,Telemetry,4443,1261,46.17,32.42,None,0,2023-01-24 10:51:02
DEV_0479,Sensor,Rural,Zigbee,Command_Control,1987,319,18.83,67.98,Spoofing,1,2023-01-10 06:15:50
DEV_0480,Smart_Meter,Smart_City,HTTP,Normal,2866,1339,58.21,85.2,None,0,2023-01-11 21:00:07
DEV_0481,Wearable,Industrial,HTTP,Command_Control,1922,764,53.81,60.17,Spoofing,1,2023-01-07 17:50:11
DEV_0482,Smart_Meter,Rural,Zigbee,Telemetry,1529,992,10.15,13.29,Data_Theft,1,2023-01-21 18:11:03
DEV_0483,Camera,Smart_City,BLE,Command_Control,1040,127,3.29,29.83,DDoS,1,2023-01-12 13:48:28
DEV_0484,Camera,Industrial,CoAP,Video,174,918,45.83,20.57,None,0,2023-01-09 01:07:39
DEV_0485,Sensor,Smart_City,BLE,Telemetry,3131,879,63.78,7.47,Malware,1,2023-01-14 21:09:30
DEV_0486,Router,Rural,MQTT,Telemetry,1434,1166,54.55,48.92,None,0,2023-01-27 18:13:29
DEV_0487,Smart_Meter,Smart_City,BLE,Command_Control,3896,1190,38.25,47.79,None,0,2023-01-09 20:38:16
DEV_0488,Wearable,Rural,MQTT,Normal,2651,617,15.7,62.68,Data_Theft,1,2023-01-26 19:59:32
DEV_0489,Smart_Meter,Industrial,MQTT,Telemetry,2437,1459,68.63,19.56,None,0,2023-01-23 14:19:50
DEV_0490,Sensor,Industrial,Zigbee,Normal,1757,423,11.09,52.62,Spoofing,1,2023-01-13 07:19:59
DEV_0491,Smart_Meter,Urban,CoAP,Video,2727,94,73.31,39.04,None,0,2023-01-23 20:48:26
DEV_0492,Wearable,Smart_City,MQTT,Video,4235,1152,23.48,14.82,None,0,2023-01-27 12:37:21
DEV_0493,Camera,Industrial,MQTT,Telemetry,2535,232,27.95,29.88,Botnet,1,2023-01-18 00:31:25
DEV_0494,Wearable,Urban,MQTT,Telemetry,1274,396,5.45,25.91,Malware,1,2023-01-14 12:06:52
DEV_0495,Sensor,Rural,CoAP,Normal,954,544,41.1,49.37,None,0,2023-01-26 04:25:24
DEV_0496,Camera,Urban,CoAP,Telemetry,2273,962,37.93,62.17,Malware,1,2023-01-23 21:13:24
DEV_0497,Router,Smart_City,BLE,Video,4017,404,18.97,73.0,None,0,2023-01-20 14:06:26
DEV_0498,Camera,Industrial,MQTT,Video,2211,359,15.64,67.49,Malware,1,2023-01-28 04:34:09
DEV_0499,Sensor,Urban,MQTT,Telemetry,4118,461,82.39,79.57,Spoofing,1,2023-01-20 11:03:42
DEV_0500,Sensor,Industrial,HTTP,Video,936,573,44.57,26.05,None,0,2023-01-17 17:32:32
DEV_0501,Sensor,Urban,BLE,Telemetry,1104,592,84.83,66.31,None,0,2023-01-01 00:05:43
DEV_0502,Camera,Industrial,CoAP,Telemetry,2717,305,73.09,83.65,None,0,2023-01-02 10:56:09
DEV_0503,Wearable,Industrial,MQTT,Video,4196,602,60.67,93.15,None,0,2023-01-26 01:08:24
DEV_0504,Router,Industrial,CoAP,Telemetry,1066,357,75.04,64.69,None,0,2023-01-14 17:45:48
DEV_0505,Wearable,Urban,MQTT,Video,396,1109,63.17,87.9,Botnet,1,2023-01-16 20:00:27
DEV_0506,Camera,Smart_City,HTTP,Command_Control,4960,1150,64.67,20.28,None,0,2023-01-12 17:44:19
DEV_0507,Sensor,Smart_City,HTTP,Normal,2652,1007,50.11,38.84,Data_Theft,1,2023-01-01 16:11:03
DEV_0508,Smart_Meter,Industrial,Zigbee,Normal,2363,736,55.76,6.1,Botnet,1,2023-01-27 16:07:55
DEV_0509,Router,Smart_City,HTTP,Video,2712,522,80.27,28.69,DDoS,1,2023-01-25 21:21:19
DEV_0510,Smart_Meter,Industrial,BLE,Video,3937,706,29.14,9.61,None,0,2023-01-23 06:41:41
DEV_0511,Sensor,Industrial,HTTP,Normal,1099,155,75.99,7.19,None,0,2023-01-25 15:40:43
DEV_0512,Wearable,Smart_City,HTTP,Video,2816,1044,70.71,57.94,Botnet,1,2023-01-25 19:54:37
DEV_0513,Sensor,Urban,CoAP,Normal,3745,549,39.49,69.44,Data_Theft,1,2023-01-14 08:08:14
DEV_0514,Wearable,Urban,MQTT,Video,2934,1454,55.76,44.54,Spoofing,1,2023-01-14 08:01:12
DEV_0515,Camera,Rural,MQTT,Telemetry,3288,1304,79.59,22.64,None,0,2023-01-04 19:29:59
DEV_0516,Router,Smart_City,MQTT,Video,4333,1161,65.37,15.87,Spoofing,1,2023-01-29 09:51:52
DEV_0517,Camera,Industrial,CoAP,Telemetry,3248,1497,86.6,79.03,Data_Theft,1,2023-01-02 11:45:36
DEV_0518,Sensor,Smart_City,BLE,Normal,2287,1459,25.47,19.17,Botnet,1,2023-01-10 16:51:42
DEV_0519,Camera,Industrial,CoAP,Normal,1618,1351,23.63,38.05,Botnet,1,2023-01-16 08:40:29
DEV_0520,Wearable,Industrial,MQTT,Command_Control,4890,1361,48.5,60.03,None,0,2023-01-21 05:31:27
DEV_0521,Sensor,Industrial,MQTT,Telemetry,2292,1076,51.79,88.79,DDoS,1,2023-01-17 17:44:34
DEV_0522,Sensor,Rural,HTTP,Telemetry,3544,1044,53.46,19.61,None,0,2023-01-18 22:00:44
DEV_0523,Router,Smart_City,CoAP,Command_Control,3869,1028,83.74,24.17,Data_Theft,1,2023-01-07 08:29:07
DEV_0524,Camera,Industrial,MQTT,Telemetry,683,830,67.44,56.99,DDoS,1,2023-01-29 08:15:35
DEV_0525,Smart_Meter,Industrial,Zigbee,Normal,2724,765,14.36,25.91,None,0,2023-01-12 13:12:06
DEV_0526,Wearable,Smart_City,CoAP,Command_Control,1997,541,47.59,75.91,None,0,2023-01-02 05:00:26
DEV_0527,Smart_Meter,Urban,Zigbee,Normal,2253,74,69.94,43.18,Spoofing,1,2023-01-22 21:11:59
DEV_0528,Wearable,Smart_City,Zigbee,Command_Control,3476,890,38.37,57.4,Data_Theft,1,2023-01-18 05:55:19
DEV_0529,Camera,Urban,BLE,Normal,3970,1292,62.55,11.04,Botnet,1,2023-01-02 00:09:37
DEV_0530,Sensor,Rural,BLE,Video,259,252,79.03,72.75,None,0,2023-01-16 20:26:34
DEV_0531,Sensor,Rural,HTTP,Normal,3968,1140,59.39,59.38,None,0,2023-01-07 23:50:16
DEV_0532,Router,Smart_City,Zigbee,Telemetry,1587,687,33.41,57.6,None,0,2023-01-12 07:09:26
DEV_0533,Smart_Meter,Smart_City,BLE,Normal,4354,955,24.62,24.9,None,0,2023-01-27 22:26:04
DEV_0534,Smart_Meter,Rural,BLE,Normal,2602,355,25.74,89.29,None,0,2023-01-02 08:37:30
DEV_0535,Camera,Urban,BLE,Video,1767,475,18.3,37.36,Botnet,1,2023-01-23 03:52:29
DEV_0536,Wearable,Industrial,CoAP,Telemetry,1060,1371,36.64,12.45,None,0,2023-01-04 22:28:08
DEV_0537,Router,Smart_City,Zigbee,Normal,978,929,20.88,16.89,Malware,1,2023-01-13 02:20:54
DEV_0538,Router,Urban,MQTT,Video,2623,1440,41.27,64.41,Malware,1,2023-01-12 19:15:21
DEV_0539,Sensor,Rural,HTTP,Command_Control,3339,1078,15.1,47.71,DDoS,1,2023-01-09 18:24:40
DEV_0540,Wearable,Rural,HTTP,Command_Control,3312,881,66.3,40.38,Malware,1,2023-01-08 16:25:06
DEV_0541,Camera,Smart_City,CoAP,Command_Control,724,869,23.56,81.0,None,0,2023-01-13 13:57:56
DEV_0542,Smart_Meter,Rural,Zigbee,Telemetry,761,771,52.63,75.22,None,0,2023-01-20 20:15:14
DEV_0543,Wearable,Industrial,MQTT,Telemetry,4090,269,85.91,89.36,Spoofing,1,2023-01-28 06:39:54
DEV_0544,Camera,Smart_City,Zigbee,Telemetry,3868,1417,7.04,47.2,None,0,2023-01-03 20:19:58
DEV_0545,Wearable,Rural,CoAP,Command_Control,896,238,82.46,25.7,Malware,1,2023-01-29 21:52:57
DEV_0546,Smart_Meter,Urban,Zigbee,Command_Control,4513,647,67.02,43.28,Botnet,1,2023-01-24 22:15:23
DEV_0547,Wearable,Urban,MQTT,Telemetry,4939,416,30.73,59.26,Spoofing,1,2023-01-18 04:50:42
DEV_0548,Router,Urban,BLE,Telemetry,671,76,4.49,85.84,None,0,2023-01-29 07:23:49
DEV_0549,Router,Industrial,MQTT,Video,4389,1135,72.32,23.37,Malware,1,2023-01-11 19:12:27
DEV_0550,Wearable,Industrial,Zigbee,Video,3531,397,27.19,57.58,Malware,1,2023-01-11 06:07:01
DEV_0551,Wearable,Urban,HTTP,Telemetry,1469,721,18.4,14.42,Data_Theft,1,2023-01-11 19:30:55
DEV_0552,Router,Urban,HTTP,Video,955,77,32.67,64.14,None,0,2023-01-18 23:21:10
DEV_0553,Wearable,Industrial,BLE,Video,867,335,69.01,7.85,Malware,1,2023-01-02 01:11:38
DEV_0554,Wearable,Smart_City,BLE,Telemetry,1240,1324,17.58,81.4,Botnet,1,2023-01-16 20:37:25
DEV_0555,Camera,Rural,CoAP,Telemetry,3483,486,7.32,50.18,None,0,2023-01-19 18:45:10
DEV_0556,Router,Rural,HTTP,Telemetry,3245,818,83.91,69.18,None,0,2023-01-15 14:29:52
DEV_0557,Sensor,Urban,Zigbee,Normal,3641,601,81.3,47.02,DDoS,1,2023-01-15 06:38:30
DEV_0558,Camera,Industrial,BLE,Normal,4458,379,36.47,33.84,Spoofing,1,2023-01-29 13:56:00
DEV_0559,Wearable,Rural,BLE,Normal,728,356,5.14,58.55,DDoS,1,2023-01-11 10:10:11
DEV_0560,Router,Industrial,Zigbee,Video,2990,159,6.14,85.51,None,0,2023-01-17 22:21:49
DEV_0561,Sensor,Smart_City,HTTP,Normal,3595,150,83.72,49.73,None,0,2023-01-18 20:00:09
DEV_0562,Wearable,Rural,HTTP,Video,750,274,3.56,73.26,Malware,1,2023-01-23 19:56:21
DEV_0563,Router,Rural,MQTT,Telemetry,4012,1441,8.62,18.55,Botnet,1,2023-01-19 12:51:52
DEV_0564,Smart_Meter,Industrial,BLE,Command_Control,3688,579,87.17,82.86,None,0,2023-01-28 07:04:46
DEV_0565,Smart_Meter,Rural,MQTT,Normal,4664,819,9.71,46.81,None,0,2023-01-10 10:54:39
DEV_0566,Router,Urban,HTTP,Command_Control,3147,1352,74.27,22.37,Data_Theft,1,2023-01-10 02:15:59
DEV_0567,Sensor,Urban,MQTT,Video,2239,890,76.75,93.41,None,0,2023-01-09 20:43:59
DEV_0568,Sensor,Rural,Zigbee,Command_Control,2663,1418,40.52,57.19,None,0,2023-01-16 23:37:37
DEV_0569,Wearable,Urban,HTTP,Video,1810,1315,65.12,37.55,None,0,2023-01-03 17:02:56
DEV_0570,Router,Smart_City,HTTP,Command_Control,3033,1280,66.83,15.38,Botnet,1,2023-01-30 10:25:55
DEV_0571,Router,Urban,HTTP,Normal,2222,865,86.7,35.55,None,0,2023-01-07 17:13:01
DEV_0572,Wearable,Urban,Zigbee,Telemetry,3328,1004,13.5,75.17,None,0,2023-01-05 21:57:41
DEV_0573,Wearable,Rural,CoAP,Telemetry,4105,406,14.42,83.7,None,0,2023-01-08 01:10:17
DEV_0574,Sensor,Smart_City,CoAP,Video,526,1141,31.32,67.23,None,0,2023-01-18 19:10:58
DEV_0575,Wearable,Rural,BLE,Telemetry,2024,1412,62.63,22.96,None,0,2023-01-12 04:12:03
DEV_0576,Camera,Smart_City,MQTT,Command_Control,1156,108,19.23,20.99,None,0,2023-01-22 20:08:19
DEV_0577,Camera,Rural,HTTP,Command_Control,1156,517,9.74,12.42,None,0,2023-01-18 16:15:15
DEV_0578,Router,Smart_City,BLE,Video,4882,1119,31.41,67.26,DDoS,1,2023-01-15 13:49:39
DEV_0579,Router,Rural,HTTP,Command_Control,2612,717,5.11,78.25,Malware,1,2023-01-10 15:50:04
DEV_0580,Smart_Meter,Urban,MQTT,Normal,1399,1326,13.2,16.26,None,0,2023-01-24 20:14:38
DEV_0581,Sensor,Smart_City,MQTT,Normal,3385,1074,7.64,38.02,None,0,2023-01-01 16:11:49
DEV_0582,Wearable,Urban,Zigbee,Telemetry,861,255,6.34,7.24,DDoS,1,2023-01-04 05:33:10
DEV_0583,Sensor,Rural,HTTP,Normal,2087,388,55.14,29.81,None,0,2023-01-02 04:46:21
DEV_0584,Router,Industrial,Zigbee,Normal,2482,954,49.45,43.05,Spoofing,1,2023-01-19 09:08:02
DEV_0585,Smart_Meter,Rural,BLE,Normal,835,615,58.64,37.48,Data_Theft,1,2023-01-25 18:24:56
DEV_0586,Sensor,Industrial,CoAP,Normal,1328,1482,29.54,91.78,Spoofing,1,2023-01-07 13:34:15
DEV_0587,Router,Rural,MQTT,Command_Control,2774,937,27.14,14.89,Data_Theft,1,2023-01-02 18:42:06
DEV_0588,Wearable,Smart_City,HTTP,Telemetry,2762,385,80.41,35.28,Botnet,1,2023-01-26 22:51:18
DEV_0589,Wearable,Rural,HTTP,Normal,1413,683,17.64,70.69,None,0,2023-01-20 23:51:22
DEV_0590,Camera,Urban,MQTT,Video,1743,617,52.27,7.82,Botnet,1,2023-01-13 21:37:06
DEV_0591,Wearable,Urban,CoAP,Telemetry,2176,597,37.03,18.43,Malware,1,2023-01-25 04:53:43
DEV_0592,Sensor,Rural,MQTT,Telemetry,2970,1000,81.19,58.52,None,0,2023-01-08 02:05:31
DEV_0593,Wearable,Industrial,HTTP,Normal,4253,577,31.85,14.09,None,0,2023-01-06 11:36:04
DEV_0594,Router,Urban,BLE,Normal,4631,1264,43.46,59.46,None,0,2023-01-17 21:17:10
DEV_0595,Wearable,Urban,CoAP,Video,2670,464,51.18,6.45,Spoofing,1,2023-01-09 14:03:07
DEV_0596,Camera,Industrial,Zigbee,Command_Control,4709,699,28.4,19.0,None,0,2023-01-19 00:39:57
DEV_0597,Camera,Rural,MQTT,Normal,2930,1297,9.6,85.52,None,0,2023-01-18 21:31:45
DEV_0598,Wearable,Rural,Zigbee,Telemetry,4342,828,6.61,55.52,Spoofing,1,2023-01-11 09:46:12
DEV_0599,Camera,Rural,CoAP,Telemetry,239,348,30.98,87.76,Data_Theft,1,2023-01-05 01:02:52
DEV_0600,Sensor,Urban,BLE,Command_Control,3168,497,25.44,42.41,None,0,2023-01-13 10:58:46
DEV_0601,Sensor,Smart_City,MQTT,Video,3498,898,59.86,43.7,None,0,2023-01-08 01:11:14
DEV_0602,Router,Smart_City,CoAP,Telemetry,1381,1108,58.88,59.32,None,0,2023-01-04 15:28:13
DEV_0603,Wearable,Smart_City,HTTP,Command_Control,4211,634,32.93,54.99,None,0,2023-01-08 10:45:38
DEV_0604,Wearable,Urban,HTTP,Command_Control,145,447,15.07,40.8,None,0,2023-01-01 03:22:59
DEV_0605,Smart_Meter,Industrial,HTTP,Telemetry,2941,160,17.04,10.95,None,0,2023-01-13 08:11:29
DEV_0606,Camera,Industrial,Zigbee,Video,4488,687,46.81,43.53,None,0,2023-01-07 18:22:29
DEV_0607,Wearable,Rural,Zigbee,Video,3870,291,19.27,85.99,Data_Theft,1,2023-01-29 02:49:56
DEV_0608,Router,Rural,HTTP,Command_Control,4284,1480,4.64,16.05,None,0,2023-01-30 04:11:29
DEV_0609,Smart_Meter,Urban,MQTT,Video,3602,1200,47.96,83.63,None,0,2023-01-08 10:59:28
DEV_0610,Router,Smart_City,BLE,Video,4134,211,49.84,75.24,Botnet,1,2023-01-22 08:09:01
DEV_0611,Router,Urban,BLE,Command_Control,856,233,64.93,74.74,None,0,2023-01-14 10:40:37
DEV_0612,Camera,Rural,MQTT,Normal,1815,903,25.04,23.0,None,0,2023-01-04 15:23:39
DEV_0613,Wearable,Smart_City,Zigbee,Telemetry,1375,423,84.15,50.64,Spoofing,1,2023-01-11 19:33:41
DEV_0614,Camera,Rural,CoAP,Normal,4983,351,36.69,77.56,DDoS,1,2023-01-22 09:33:04
DEV_0615,Router,Industrial,CoAP,Video,4470,349,13.05,22.17,None,0,2023-01-21 13:51:24
DEV_0616,Camera,Smart_City,BLE,Normal,4411,1389,51.43,65.29,Spoofing,1,2023-01-12 17:29:26
DEV_0617,Camera,Industrial,CoAP,Telemetry,3448,1056,39.49,21.35,Data_Theft,1,2023-01-16 05:21:51
DEV_0618,Router,Rural,MQTT,Video,1705,1168,74.47,67.22,None,0,2023-01-12 04:35:55
DEV_0619,Sensor,Smart_City,BLE,Command_Control,920,1330,65.3,47.67,None,0,2023-01-18 23:20:38
DEV_0620,Smart_Meter,Urban,Zigbee,Normal,121,1243,5.65,32.89,None,0,2023-01-09 20:12:48
DEV_0621,Camera,Industrial,MQTT,Telemetry,2722,537,54.76,6.72,Spoofing,1,2023-01-29 05:34:27
DEV_0622,Sensor,Industrial,HTTP,Video,3292,569,28.19,54.44,DDoS,1,2023-01-16 22:40:38
DEV_0623,Sensor,Rural,HTTP,Command_Control,475,1189,61.68,28.78,DDoS,1,2023-01-18 19:48:14
DEV_0624,Camera,Smart_City,MQTT,Video,1154,1437,34.12,31.35,None,0,2023-01-12 09:26:50
DEV_0625,Sensor,Rural,MQTT,Telemetry,1526,65,11.57,29.42,Malware,1,2023-01-11 09:29:37
DEV_0626,Wearable,Smart_City,MQTT,Video,762,726,16.27,12.77,Botnet,1,2023-01-20 23:32:51
DEV_0627,Camera,Smart_City,MQTT,Normal,4583,1440,87.29,82.74,None,0,2023-01-09 13:12:38
DEV_0628,Camera,Industrial,BLE,Video,2956,1195,60.05,93.8,None,0,2023-01-22 17:41:15
DEV_0629,Camera,Smart_City,MQTT,Telemetry,124,506,88.8,17.72,Botnet,1,2023-01-24 13:06:34
DEV_0630,Wearable,Smart_City,BLE,Telemetry,2726,919,79.44,54.31,None,0,2023-01-25 23:36:32
DEV_0631,Camera,Urban,CoAP,Video,821,1495,15.2,26.75,None,0,2023-01-04 21:40:02
DEV_0632,Sensor,Rural,Zigbee,Telemetry,2127,958,69.94,84.25,None,0,2023-01-01 01:07:15
DEV_0633,Camera,Smart_City,BLE,Telemetry,1988,607,10.15,15.69,None,0,2023-01-08 10:42:55
DEV_0634,Wearable,Urban,MQTT,Telemetry,4940,884,8.31,86.43,DDoS,1,2023-01-02 12:39:28
DEV_0635,Sensor,Urban,HTTP,Telemetry,2389,1123,15.34,66.69,None,0,2023-01-08 09:38:33
DEV_0636,Sensor,Urban,MQTT,Normal,570,368,12.97,25.52,DDoS,1,2023-01-17 19:07:56
DEV_0637,Wearable,Smart_City,MQTT,Video,3431,155,17.9,10.42,Malware,1,2023-01-28 17:15:17
DEV_0638,Camera,Rural,MQTT,Video,3274,540,87.03,33.11,DDoS,1,2023-01-12 23:34:52
DEV_0639,Sensor,Urban,HTTP,Video,1271,190,22.31,33.44,None,0,2023-01-20 07:00:13
DEV_0640,Sensor,Industrial,MQTT,Telemetry,1739,1465,22.75,24.04,None,0,2023-01-03 09:19:47
DEV_0641,Sensor,Smart_City,CoAP,Normal,1974,126,5.77,20.92,Botnet,1,2023-01-06 20:12:00
DEV_0642,Smart_Meter,Rural,HTTP,Command_Control,1155,248,71.52,36.46,None,0,2023-01-14 12:19:41
DEV_0643,Router,Smart_City,MQTT,Command_Control,2249,793,86.73,34.35,None,0,2023-01-23 07:48:20
DEV_0644,Sensor,Industrial,CoAP,Video,4742,1468,48.32,47.78,None,0,2023-01-21 00:59:12
DEV_0645,Wearable,Industrial,BLE,Command_Control,1011,1361,56.11,75.62,DDoS,1,2023-01-05 22:41:10
DEV_0646,Sensor,Rural,MQTT,Normal,3497,698,88.42,9.98,None,0,2023-01-28 10:45:38
DEV_0647,Wearable,Industrial,BLE,Command_Control,3710,419,48.82,34.92,None,0,2023-01-14 18:03:16
DEV_0648,Wearable,Smart_City,Zigbee,Command_Control,3771,509,24.27,18.88,DDoS,1,2023-01-21 00:14:11
DEV_0649,Router,Smart_City,HTTP,Telemetry,1656,1305,38.6,8.98,Data_Theft,1,2023-01-14 11:25:36
DEV_0650,Wearable,Rural,MQTT,Telemetry,3948,893,36.49,67.74,None,0,2023-01-30 07:29:25
DEV_0651,Sensor,Urban,CoAP,Video,4453,629,56.15,42.14,Malware,1,2023-01-15 08:28:10
DEV_0652,Sensor,Urban,CoAP,Telemetry,2055,1156,32.49,63.39,None,0,2023-01-22 15:32:04
DEV_0653,Camera,Smart_City,CoAP,Telemetry,3856,1274,52.76,32.12,None,0,2023-01-21 05:50:15
DEV_0654,Wearable,Rural,MQTT,Command_Control,2741,1360,45.54,11.1,DDoS,1,2023-01-29 00:14:18
DEV_0655,Smart_Meter,Rural,BLE,Telemetry,2727,747,20.56,82.97,Malware,1,2023-01-23 11:59:49
DEV_0656,Router,Industrial,CoAP,Telemetry,4578,692,15.36,78.65,None,0,2023-01-29 16:51:40
DEV_0657,Camera,Industrial,MQTT,Command_Control,3005,1038,9.93,81.47,None,0,2023-01-25 06:38:27
DEV_0658,Wearable,Rural,BLE,Command_Control,1261,306,72.99,18.51,Spoofing,1,2023-01-17 08:16:42
DEV_0659,Wearable,Rural,BLE,Video,2489,885,2.41,69.52,DDoS,1,2023-01-24 07:56:13
DEV_0660,Sensor,Rural,CoAP,Command_Control,2485,616,78.39,22.67,Botnet,1,2023-01-08 21:56:32
DEV_0661,Router,Urban,CoAP,Normal,519,1345,24.62,23.38,DDoS,1,2023-01-03 08:57:42
DEV_0662,Router,Industrial,Zigbee,Video,1424,517,40.34,39.15,Data_Theft,1,2023-01-24 10:24:29
DEV_0663,Camera,Industrial,Zigbee,Telemetry,1795,1362,48.22,20.46,None,0,2023-01-17 01:26:44
DEV_0664,Camera,Smart_City,MQTT,Video,983,1397,50.39,67.66,Malware,1,2023-01-18 04:43:30
DEV_0665,Wearable,Industrial,CoAP,Command_Control,730,1113,43.09,24.93,Data_Theft,1,2023-01-23 09:55:55
DEV_0666,Sensor,Smart_City,Zigbee,Telemetry,3219,268,34.65,93.85,Botnet,1,2023-01-18 11:32:37
DEV_0667,Wearable,Smart_City,BLE,Normal,1492,1214,12.33,83.05,Malware,1,2023-01-13 16:40:27
DEV_0668,Smart_Meter,Industrial,CoAP,Video,233,1358,52.62,5.3,None,0,2023-01-24 03:09:05
DEV_0669,Camera,Industrial,CoAP,Normal,466,1406,36.38,33.48,Botnet,1,2023-01-20 18:32:23
DEV_0670,Router,Urban,MQTT,Command_Control,959,700,68.48,69.79,Malware,1,2023-01-02 13:25:59
DEV_0671,Smart_Meter,Industrial,MQTT,Command_Control,4670,702,66.61,81.17,None,0,2023-01-14 20:54:48
DEV_0672,Router,Urban,CoAP,Video,3312,626,81.43,29.65,DDoS,1,2023-01-19 08:04:31
DEV_0673,Router,Urban,CoAP,Telemetry,2584,1190,56.06,5.24,Botnet,1,2023-01-06 05:28:46
DEV_0674,Wearable,Industrial,HTTP,Command_Control,973,582,22.9,82.97,Botnet,1,2023-01-07 04:16:14
DEV_0675,Wearable,Industrial,Zigbee,Command_Control,633,1092,1.39,39.06,None,0,2023-01-13 00:08:50
DEV_0676,Sensor,Industrial,CoAP,Normal,4463,82,60.15,88.0,Malware,1,2023-01-28 22:21:27
DEV_0677,Camera,Industrial,MQTT,Normal,3703,1360,84.21,91.09,None,0,2023-01-22 09:00:10
DEV_0678,Camera,Smart_City,HTTP,Normal,3253,633,32.75,8.76,None,0,2023-01-26 09:11:52
DEV_0679,Camera,Rural,BLE,Telemetry,1927,601,45.54,18.99,Botnet,1,2023-01-14 12:03:11
DEV_0680,Wearable,Urban,HTTP,Video,424,82,41.73,33.71,None,0,2023-01-01 11:32:52
DEV_0681,Wearable,Industrial,HTTP,Video,897,88,9.23,27.82,None,0,2023-01-10 05:52:56
DEV_0682,Camera,Rural,MQTT,Video,2423,1340,66.1,81.93,None,0,2023-01-25 13:21:05
DEV_0683,Sensor,Rural,HTTP,Telemetry,1344,1033,43.95,37.38,None,0,2023-01-18 08:00:26
DEV_0684,Router,Industrial,BLE,Normal,4463,837,63.37,46.7,Malware,1,2023-01-17 09:17:02
DEV_0685,Wearable,Rural,HTTP,Telemetry,4336,581,72.89,58.9,Data_Theft,1,2023-01-17 21:27:20
DEV_0686,Router,Smart_City,Zigbee,Video,4952,589,31.67,48.95,Data_Theft,1,2023-01-17 09:40:10
DEV_0687,Sensor,Smart_City,MQTT,Video,942,1440,10.19,30.91,Spoofing,1,2023-01-28 09:40:42
DEV_0688,Camera,Rural,BLE,Video,3964,184,84.6,86.57,None,0,2023-01-19 06:37:17
DEV_0689,Router,Smart_City,MQTT,Command_Control,626,720,59.96,37.52,None,0,2023-01-18 18:55:50
DEV_0690,Sensor,Rural,MQTT,Normal,188,337,85.22,33.75,None,0,2023-01-24 13:52:22
DEV_0691,Wearable,Industrial,HTTP,Video,3720,615,34.88,71.42,None,0,2023-01-03 07:36:13
DEV_0692,Router,Smart_City,HTTP,Normal,4974,1137,60.4,36.75,Malware,1,2023-01-04 16:17:34
DEV_0693,Smart_Meter,Smart_City,BLE,Telemetry,3400,493,75.05,26.25,DDoS,1,2023-01-11 13:29:07
DEV_0694,Sensor,Urban,BLE,Normal,546,1429,67.44,68.85,Botnet,1,2023-01-15 20:44:40
DEV_0695,Smart_Meter,Smart_City,HTTP,Normal,444,858,82.55,13.44,DDoS,1,2023-01-28 14:40:50
DEV_0696,Wearable,Industrial,MQTT,Command_Control,1092,978,67.04,10.4,None,0,2023-01-12 15:13:36
DEV_0697,Router,Smart_City,CoAP,Normal,1316,1094,45.86,23.52,None,0,2023-01-15 16:34:05
DEV_0698,Wearable,Industrial,CoAP,Telemetry,1280,899,88.35,35.48,DDoS,1,2023-01-24 14:28:21
DEV_0699,Smart_Meter,Smart_City,BLE,Telemetry,4833,1215,88.96,12.75,Data_Theft,1,2023-01-22 16:36:12
DEV_0700,Smart_Meter,Industrial,Zigbee,Video,3310,190,57.52,28.0,None,0,2023-01-26 02:29:54
DEV_0701,Camera,Smart_City,Zigbee,Video,3751,934,40.35,45.1,None,0,2023-01-12 11:26:19
DEV_0702,Sensor,Urban,HTTP,Telemetry,4703,1268,66.14,13.34,Data_Theft,1,2023-01-05 12:07:37
DEV_0703,Router,Rural,BLE,Normal,3085,503,5.99,48.72,None,0,2023-01-01 22:59:25
DEV_0704,Camera,Rural,MQTT,Telemetry,217,1077,10.95,25.61,None,0,2023-01-27 19:28:28
DEV_0705,Smart_Meter,Urban,MQTT,Normal,787,393,5.27,45.63,None,0,2023-01-16 18:51:07
DEV_0706,Camera,Industrial,BLE,Normal,2977,1162,24.96,44.6,Botnet,1,2023-01-26 11:48:27
DEV_0707,Smart_Meter,Industrial,MQTT,Normal,2670,579,9.58,92.12,Data_Theft,1,2023-01-24 18:39:22
DEV_0708,Wearable,Urban,BLE,Normal,4789,1115,18.45,18.21,Data_Theft,1,2023-01-26 00:26:39
DEV_0709,Smart_Meter,Industrial,Zigbee,Telemetry,845,1218,17.58,66.19,None,0,2023-01-06 14:32:12
DEV_0710,Smart_Meter,Rural,Zigbee,Video,839,327,84.18,75.22,Spoofing,1,2023-01-24 12:44:04
DEV_0711,Wearable,Rural,BLE,Command_Control,4814,242,38.71,25.55,None,0,2023-01-12 10:54:05
DEV_0712,Camera,Smart_City,CoAP,Command_Control,1012,254,19.96,62.19,None,0,2023-01-06 08:41:30
DEV_0713,Router,Industrial,CoAP,Normal,3904,877,68.82,43.31,DDoS,1,2023-01-03 06:38:25
DEV_0714,Camera,Rural,Zigbee,Video,3563,857,80.47,22.78,None,0,2023-01-07 05:15:35
DEV_0715,Router,Industrial,MQTT,Command_Control,4467,797,5.87,87.36,Botnet,1,2023-01-12 14:47:07
DEV_0716,Camera,Smart_City,BLE,Telemetry,2742,1236,32.69,58.19,Malware,1,2023-01-02 01:54:18
DEV_0717,Wearable,Industrial,BLE,Telemetry,645,361,44.37,40.53,None,0,2023-01-12 20:33:16
DEV_0718,Router,Smart_City,BLE,Telemetry,3803,1046,32.25,24.69,Botnet,1,2023-01-09 06:03:14
DEV_0719,Sensor,Urban,BLE,Normal,195,1101,89.59,56.79,None,0,2023-01-11 05:33:29
DEV_0720,Router,Smart_City,HTTP,Video,233,454,45.94,65.43,DDoS,1,2023-01-16 09:57:17
DEV_0721,Smart_Meter,Industrial,MQTT,Video,430,887,32.01,86.33,None,0,2023-01-15 18:38:05
DEV_0722,Wearable,Industrial,Zigbee,Command_Control,2879,1390,14.14,73.92,None,0,2023-01-13 23:33:49
DEV_0723,Camera,Rural,HTTP,Normal,1450,367,76.66,17.79,Data_Theft,1,2023-01-01 10:11:23
DEV_0724,Smart_Meter,Smart_City,BLE,Normal,1288,479,83.02,13.8,DDoS,1,2023-01-29 15:02:03
DEV_0725,Smart_Meter,Urban,HTTP,Video,2090,1335,72.23,13.63,None,0,2023-01-20 11:51:01
DEV_0726,Smart_Meter,Urban,CoAP,Normal,2650,984,83.94,59.78,Data_Theft,1,2023-01-20 01:12:20
DEV_0727,Smart_Meter,Rural,CoAP,Command_Control,614,1152,66.24,58.47,DDoS,1,2023-01-22 13:16:45
DEV_0728,Sensor,Smart_City,Zigbee,Telemetry,1798,358,38.46,86.72,None,0,2023-01-13 00:57:25
DEV_0729,Sensor,Smart_City,HTTP,Telemetry,3325,1074,26.31,27.57,Botnet,1,2023-01-23 12:33:56
DEV_0730,Wearable,Smart_City,BLE,Command_Control,4863,1073,59.63,40.68,None,0,2023-01-10 20:26:30
DEV_0731,Wearable,Urban,Zigbee,Telemetry,2344,139,76.16,8.12,None,0,2023-01-29 01:51:20
DEV_0732,Wearable,Rural,Zigbee,Video,1206,153,20.57,55.6,Data_Theft,1,2023-01-09 23:12:18
DEV_0733,Smart_Meter,Smart_City,BLE,Command_Control,4814,423,48.83,44.72,Data_Theft,1,2023-01-20 12:13:19
DEV_0734,Smart_Meter,Industrial,HTTP,Video,1086,395,61.89,15.38,DDoS,1,2023-01-04 14:38:16
DEV_0735,Camera,Rural,MQTT,Command_Control,3611,700,83.35,74.99,Spoofing,1,2023-01-06 20:30:49
DEV_0736,Camera,Rural,BLE,Command_Control,3511,317,23.39,91.25,None,0,2023-01-19 14:07:56
DEV_0737,Wearable,Smart_City,CoAP,Telemetry,1316,1400,58.19,52.22,DDoS,1,2023-01-16 11:11:26
DEV_0738,Camera,Smart_City,MQTT,Video,4503,592,45.7,86.04,None,0,2023-01-06 11:00:33
DEV_0739,Sensor,Smart_City,Zigbee,Command_Control,4264,1179,14.87,85.98,None,0,2023-01-13 11:58:54
DEV_0740,Sensor,Smart_City,CoAP,Normal,4860,1065,15.86,11.79,Malware,1,2023-01-28 08:36:40
DEV_0741,Camera,Smart_City,MQTT,Normal,2324,1056,70.63,52.87,None,0,2023-01-04 02:47:26
DEV_0742,Wearable,Industrial,CoAP,Command_Control,3286,858,43.13,94.98,None,0,2023-01-17 14:14:33
DEV_0743,Sensor,Industrial,CoAP,Video,2972,974,36.4,28.17,Data_Theft,1,2023-01-18 18:11:42
DEV_0744,Wearable,Rural,HTTP,Video,387,303,68.41,29.03,Malware,1,2023-01-07 00:06:32
DEV_0745,Router,Smart_City,Zigbee,Normal,2830,723,22.31,19.55,None,0,2023-01-10 07:48:52
DEV_0746,Router,Rural,Zigbee,Command_Control,4018,69,57.39,94.75,DDoS,1,2023-01-18 20:17:26
DEV_0747,Camera,Urban,Zigbee,Command_Control,1460,1106,79.47,39.64,Spoofing,1,2023-01-09 19:04:43
DEV_0748,Sensor,Urban,CoAP,Video,4738,1459,43.72,19.2,None,0,2023-01-25 05:33:12
DEV_0749,Sensor,Industrial,Zigbee,Command_Control,2198,1460,29.33,74.8,None,0,2023-01-11 02:09:04
DEV_0750,Router,Industrial,CoAP,Command_Control,1975,1159,89.13,32.64,None,0,2023-01-23 17:55:14
DEV_0751,Router,Rural,MQTT,Command_Control,1072,834,78.41,83.67,None,0,2023-01-29 23:37:50
DEV_0752,Router,Industrial,MQTT,Video,1829,1290,20.98,87.88,None,0,2023-01-17 03:53:30
DEV_0753,Smart_Meter,Industrial,MQTT,Normal,4149,643,9.8,81.7,Malware,1,2023-01-30 13:23:25
DEV_0754,Router,Rural,BLE,Video,3424,678,18.14,14.57,DDoS,1,2023-01-18 02:55:01
DEV_0755,Wearable,Industrial,CoAP,Video,1132,1149,60.3,91.52,None,0,2023-01-13 02:10:36
DEV_0756,Router,Industrial,CoAP,Normal,2451,1378,5.2,9.12,None,0,2023-01-29 00:37:46
DEV_0757,Wearable,Smart_City,MQTT,Video,2658,105,81.55,26.25,DDoS,1,2023-01-02 21:41:26
DEV_0758,Router,Smart_City,CoAP,Video,413,411,68.46,46.23,None,0,2023-01-25 11:53:43
DEV_0759,Camera,Urban,HTTP,Video,913,734,59.82,75.72,Malware,1,2023-01-24 17:00:43
DEV_0760,Wearable,Rural,Zigbee,Normal,1602,646,52.61,28.57,None,0,2023-01-14 16:57:04
DEV_0761,Router,Industrial,BLE,Video,2824,337,34.58,88.95,None,0,2023-01-21 11:45:10
DEV_0762,Camera,Industrial,Zigbee,Command_Control,1228,470,54.3,33.32,Botnet,1,2023-01-14 07:54:14
DEV_0763,Camera,Rural,HTTP,Video,1403,1018,11.01,34.32,None,0,2023-01-04 23:19:58
DEV_0764,Router,Industrial,HTTP,Telemetry,2786,1073,1.75,88.04,None,0,2023-01-20 02:01:27
DEV_0765,Wearable,Industrial,CoAP,Command_Control,2317,188,51.9,24.26,DDoS,1,2023-01-18 09:24:07
DEV_0766,Wearable,Industrial,Zigbee,Normal,2365,668,85.39,31.96,Spoofing,1,2023-01-09 07:37:18
DEV_0767,Smart_Meter,Urban,BLE,Normal,4543,715,46.76,68.06,Spoofing,1,2023-01-12 08:52:23
DEV_0768,Wearable,Rural,CoAP,Command_Control,2729,849,42.74,50.04,Data_Theft,1,2023-01-21 03:48:34
DEV_0769,Wearable,Rural,MQTT,Telemetry,4587,587,75.95,35.59,Spoofing,1,2023-01-29 07:40:48
DEV_0770,Wearable,Industrial,HTTP,Normal,2580,1489,8.69,93.09,None,0,2023-01-13 02:23:52
DEV_0771,Camera,Industrial,HTTP,Telemetry,2188,1254,88.53,88.77,Malware,1,2023-01-10 10:22:05
DEV_0772,Smart_Meter,Smart_City,Zigbee,Telemetry,1487,818,69.1,54.23,None,0,2023-01-20 19:10:44
DEV_0773,Sensor,Industrial,MQTT,Telemetry,526,194,34.04,7.94,Spoofing,1,2023-01-04 22:29:53
DEV_0774,Camera,Smart_City,HTTP,Normal,2597,726,25.23,85.09,None,0,2023-01-18 04:00:15
DEV_0775,Wearable,Industrial,CoAP,Telemetry,1966,1258,56.81,8.16,None,0,2023-01-24 02:16:30
DEV_0776,Camera,Urban,HTTP,Command_Control,4439,1271,25.08,37.25,None,0,2023-01-20 04:59:07
DEV_0777,Sensor,Smart_City,Zigbee,Telemetry,3061,366,55.56,30.85,None,0,2023-01-26 07:58:05
DEV_0778,Router,Rural,CoAP,Normal,4477,1460,6.67,46.52,None,0,2023-01-21 15:57:15
DEV_0779,Router,Industrial,MQTT,Video,668,699,30.36,58.5,None,0,2023-01-16 04:12:36
DEV_0780,Camera,Rural,MQTT,Command_Control,4422,742,1.54,68.29,None,0,2023-01-21 00:13:03
DEV_0781,Smart_Meter,Rural,CoAP,Telemetry,2681,1178,10.64,73.34,None,0,2023-01-05 03:23:05
DEV_0782,Camera,Industrial,MQTT,Command_Control,3274,278,23.93,83.74,Data_Theft,1,2023-01-13 02:27:03
DEV_0783,Sensor,Rural,MQTT,Video,3606,895,78.62,72.79,None,0,2023-01-06 23:45:25
DEV_0784,Router,Urban,Zigbee,Normal,4111,320,60.91,69.38,Botnet,1,2023-01-12 04:07:26
DEV_0785,Sensor,Rural,HTTP,Video,2636,555,41.26,52.07,Botnet,1,2023-01-18 04:23:36
DEV_0786,Wearable,Industrial,HTTP,Command_Control,2881,852,71.86,62.87,Botnet,1,2023-01-03 06:48:43
DEV_0787,Camera,Industrial,BLE,Command_Control,3937,618,28.11,34.12,None,0,2023-01-25 20:53:00
DEV_0788,Router,Urban,MQTT,Video,3816,529,36.62,6.32,DDoS,1,2023-01-15 17:16:14
DEV_0789,Wearable,Rural,CoAP,Command_Control,69,1422,4.11,94.81,Malware,1,2023-01-12 21:42:02
DEV_0790,Smart_Meter,Industrial,CoAP,Command_Control,1676,1420,29.24,50.79,Botnet,1,2023-01-28 00:31:19
DEV_0791,Sensor,Urban,Zigbee,Normal,2128,1478,28.9,43.12,Data_Theft,1,2023-01-04 11:48:51
DEV_0792,Smart_Meter,Urban,CoAP,Command_Control,393,397,67.47,35.9,DDoS,1,2023-01-15 14:16:24
DEV_0793,Smart_Meter,Urban,CoAP,Telemetry,2109,1347,33.98,20.18,Data_Theft,1,2023-01-22 10:23:22
DEV_0794,Sensor,Smart_City,MQTT,Normal,4724,765,61.11,10.8,None,0,2023-01-02 10:21:45
DEV_0795,Smart_Meter,Urban,CoAP,Telemetry,2409,1127,73.73,57.57,None,0,2023-01-18 11:29:10
DEV_0796,Wearable,Industrial,Zigbee,Command_Control,1661,992,42.21,21.64,Malware,1,2023-01-15 14:04:02
DEV_0797,Camera,Smart_City,HTTP,Command_Control,3129,644,61.71,43.6,None,0,2023-01-06 19:57:57
DEV_0798,Camera,Rural,BLE,Video,1810,303,89.86,39.42,Spoofing,1,2023-01-23 01:34:25
DEV_0799,Smart_Meter,Industrial,HTTP,Command_Control,1496,539,58.48,13.27,Botnet,1,2023-01-16 06:09:39
DEV_0800,Sensor,Industrial,HTTP,Video,4902,929,50.92,34.76,Botnet,1,2023-01-05 10:13:26
DEV_0801,Router,Industrial,Zigbee,Video,1381,438,88.88,66.14,None,0,2023-01-25 23:35:11
DEV_0802,Sensor,Rural,BLE,Command_Control,1798,963,12.85,21.16,Spoofing,1,2023-01-01 01:48:24
DEV_0803,Sensor,Rural,HTTP,Video,218,1319,25.75,82.13,None,0,2023-01-16 18:18:40
DEV_0804,Wearable,Urban,CoAP,Telemetry,176,255,5.04,91.8,None,0,2023-01-07 04:48:54
DEV_0805,Router,Smart_City,Zigbee,Command_Control,1456,928,17.23,26.13,None,0,2023-01-15 07:18:39
DEV_0806,Wearable,Urban,MQTT,Video,386,223,58.12,52.92,None,0,2023-01-10 13:26:30
DEV_0807,Smart_Meter,Urban,CoAP,Video,3622,456,73.83,44.01,None,0,2023-01-23 08:17:47
DEV_0808,Router,Smart_City,BLE,Telemetry,3839,1198,20.58,10.12,None,0,2023-01-09 05:59:22
DEV_0809,Smart_Meter,Industrial,MQTT,Telemetry,1084,1487,66.36,11.32,None,0,2023-01-18 01:42:45
DEV_0810,Camera,Urban,BLE,Video,4266,631,49.28,26.85,None,0,2023-01-02 22:33:34
DEV_0811,Sensor,Rural,CoAP,Normal,939,1115,72.4,48.96,None,0,2023-01-15 20:36:49
DEV_0812,Camera,Industrial,HTTP,Video,3128,609,29.21,25.59,None,0,2023-01-27 18:03:02
DEV_0813,Wearable,Rural,CoAP,Command_Control,1355,1274,11.93,11.1,Malware,1,2023-01-17 03:05:55
DEV_0814,Router,Industrial,BLE,Video,1530,408,74.95,47.94,None,0,2023-01-10 07:33:24
DEV_0815,Sensor,Industrial,CoAP,Video,1260,971,24.32,61.62,Malware,1,2023-01-16 02:37:22
DEV_0816,Smart_Meter,Rural,CoAP,Video,3717,1265,22.58,92.5,Botnet,1,2023-01-27 03:03:22
DEV_0817,Router,Rural,HTTP,Telemetry,718,920,78.68,72.59,None,0,2023-01-06 19:28:33
DEV_0818,Wearable,Smart_City,BLE,Video,2391,925,71.96,28.65,None,0,2023-01-14 19:01:50
DEV_0819,Smart_Meter,Industrial,CoAP,Telemetry,1074,1010,12.05,63.17,None,0,2023-01-20 20:52:38
DEV_0820,Sensor,Smart_City,BLE,Command_Control,4984,1402,35.72,74.04,Spoofing,1,2023-01-16 23:40:36
DEV_0821,Camera,Rural,CoAP,Telemetry,4450,1034,28.94,82.39,None,0,2023-01-06 20:48:39
DEV_0822,Smart_Meter,Urban,BLE,Video,3572,1042,83.9,67.98,Spoofing,1,2023-01-05 02:57:06
DEV_0823,Smart_Meter,Urban,MQTT,Video,2928,476,28.89,61.42,None,0,2023-01-28 07:39:28
DEV_0824,Sensor,Smart_City,Zigbee,Video,3573,362,68.27,81.44,None,0,2023-01-03 00:55:04
DEV_0825,Sensor,Rural,BLE,Command_Control,4914,1013,25.99,71.5,None,0,2023-01-18 22:39:28
DEV_0826,Router,Rural,BLE,Video,4566,1120,59.95,70.18,None,0,2023-01-03 09:38:40
DEV_0827,Router,Industrial,CoAP,Telemetry,1834,797,61.08,90.14,None,0,2023-01-27 18:45:46
DEV_0828,Sensor,Urban,HTTP,Command_Control,1715,1493,41.85,30.24,Malware,1,2023-01-26 15:09:34
DEV_0829,Sensor,Rural,MQTT,Normal,3298,438,20.53,43.92,None,0,2023-01-22 10:42:36
DEV_0830,Smart_Meter,Rural,Zigbee,Video,4338,1083,4.72,45.19,Malware,1,2023-01-15 17:58:49
DEV_0831,Router,Industrial,HTTP,Telemetry,2364,364,25.8,56.16,None,0,2023-01-07 18:35:07
DEV_0832,Sensor,Smart_City,HTTP,Normal,4852,639,70.19,50.69,DDoS,1,2023-01-22 14:31:12
DEV_0833,Camera,Rural,CoAP,Normal,4151,1165,54.47,20.79,DDoS,1,2023-01-26 14:33:36
DEV_0834,Camera,Industrial,CoAP,Video,4024,747,22.51,9.92,Botnet,1,2023-01-08 16:42:04
DEV_0835,Wearable,Industrial,BLE,Command_Control,958,602,41.41,74.96,DDoS,1,2023-01-25 21:31:40
DEV_0836,Smart_Meter,Urban,MQTT,Normal,3448,1291,48.12,12.18,None,0,2023-01-01 08:37:35
DEV_0837,Smart_Meter,Urban,Zigbee,Video,3445,947,31.64,75.5,None,0,2023-01-25 10:50:09
DEV_0838,Smart_Meter,Industrial,HTTP,Telemetry,3328,1114,67.21,73.52,None,0,2023-01-28 01:45:14
DEV_0839,Sensor,Urban,BLE,Normal,3349,773,89.53,76.91,Malware,1,2023-01-05 01:13:45
DEV_0840,Sensor,Rural,BLE,Telemetry,4641,635,30.44,61.41,None,0,2023-01-27 10:02:59
DEV_0841,Sensor,Smart_City,BLE,Normal,1235,252,61.18,93.85,Malware,1,2023-01-28 20:00:59
DEV_0842,Router,Rural,BLE,Normal,4586,878,50.15,62.1,Botnet,1,2023-01-22 00:52:10
DEV_0843,Router,Industrial,CoAP,Telemetry,3970,393,27.05,22.59,None,0,2023-01-22 00:39:13
DEV_0844,Sensor,Urban,CoAP,Video,4692,758,87.34,8.31,None,0,2023-01-02 15:08:24
DEV_0845,Smart_Meter,Smart_City,CoAP,Video,913,758,55.4,6.11,None,0,2023-01-29 05:06:58
DEV_0846,Smart_Meter,Rural,Zigbee,Normal,3038,1045,58.08,60.5,None,0,2023-01-16 12:53:25
DEV_0847,Camera,Industrial,Zigbee,Normal,1738,1044,33.83,47.22,Data_Theft,1,2023-01-14 02:44:46
DEV_0848,Sensor,Urban,Zigbee,Telemetry,448,1151,14.27,52.73,DDoS,1,2023-01-18 10:19:19
DEV_0849,Router,Urban,HTTP,Command_Control,1407,1107,35.75,93.65,Botnet,1,2023-01-20 03:51:32
DEV_0850,Smart_Meter,Urban,MQTT,Command_Control,4658,110,81.48,49.39,None,0,2023-01-24 03:06:21
DEV_0851,Smart_Meter,Industrial,HTTP,Telemetry,1198,1471,55.7,41.24,None,0,2023-01-23 23:03:25
DEV_0852,Router,Industrial,HTTP,Video,4346,936,78.99,78.73,Botnet,1,2023-01-23 14:14:07
DEV_0853,Router,Rural,BLE,Command_Control,3725,1289,19.97,23.52,Data_Theft,1,2023-01-14 04:48:35
DEV_0854,Router,Rural,HTTP,Command_Control,1164,1461,13.07,36.0,Malware,1,2023-01-01 12:28:30
DEV_0855,Wearable,Urban,HTTP,Normal,3300,1271,88.77,78.32,Malware,1,2023-01-01 17:12:20
DEV_0856,Wearable,Urban,Zigbee,Normal,2396,935,62.33,44.02,None,0,2023-01-07 03:14:44
DEV_0857,Router,Smart_City,BLE,Normal,855,1148,6.49,23.39,None,0,2023-01-16 06:55:57
DEV_0858,Camera,Rural,HTTP,Normal,2435,1074,23.95,55.68,Data_Theft,1,2023-01-22 11:48:49
DEV_0859,Smart_Meter,Smart_City,Zigbee,Video,3558,672,29.37,46.11,None,0,2023-01-02 13:28:35
DEV_0860,Smart_Meter,Smart_City,CoAP,Telemetry,2317,489,67.08,49.96,Data_Theft,1,2023-01-25 19:21:10
DEV_0861,Smart_Meter,Smart_City,BLE,Normal,1903,500,12.2,60.74,Malware,1,2023-01-05 08:39:08
DEV_0862,Wearable,Smart_City,Zigbee,Normal,1204,769,58.38,92.97,None,0,2023-01-24 07:33:21
DEV_0863,Router,Smart_City,BLE,Command_Control,2393,1166,83.32,34.11,Data_Theft,1,2023-01-11 16:45:00
DEV_0864,Sensor,Rural,Zigbee,Normal,3957,1342,74.66,13.35,None,0,2023-01-03 08:23:15
DEV_0865,Router,Industrial,Zigbee,Normal,639,879,30.05,6.04,Botnet,1,2023-01-23 10:14:48
DEV_0866,Wearable,Industrial,HTTP,Command_Control,4088,940,15.91,92.43,None,0,2023-01-21 23:12:11
DEV_0867,Wearable,Smart_City,HTTP,Command_Control,3327,691,34.05,43.99,None,0,2023-01-27 14:10:44
DEV_0868,Router,Smart_City,MQTT,Video,3003,1374,75.93,8.52,None,0,2023-01-19 18:58:14
DEV_0869,Router,Rural,BLE,Normal,3020,1219,2.29,71.31,Spoofing,1,2023-01-12 10:18:42
DEV_0870,Smart_Meter,Smart_City,BLE,Normal,3665,1489,76.18,23.46,Botnet,1,2023-01-13 14:07:14
DEV_0871,Smart_Meter,Industrial,MQTT,Command_Control,2008,1366,75.14,57.33,DDoS,1,2023-01-16 12:18:22
DEV_0872,Smart_Meter,Smart_City,BLE,Command_Control,4790,1406,84.77,67.81,Spoofing,1,2023-01-16 08:40:54
DEV_0873,Router,Urban,CoAP,Video,2975,1497,73.24,54.38,Malware,1,2023-01-16 16:33:22
DEV_0874,Sensor,Smart_City,BLE,Video,820,846,86.6,53.82,DDoS,1,2023-01-04 07:47:15
DEV_0875,Router,Urban,HTTP,Telemetry,3616,1200,29.0,16.97,DDoS,1,2023-01-26 02:09:39
DEV_0876,Wearable,Industrial,CoAP,Video,3651,978,47.9,26.96,DDoS,1,2023-01-26 13:33:30
DEV_0877,Sensor,Urban,Zigbee,Telemetry,391,786,68.34,14.43,DDoS,1,2023-01-18 11:49:02
DEV_0878,Router,Industrial,CoAP,Normal,4903,616,64.5,29.69,Malware,1,2023-01-19 01:07:13
DEV_0879,Router,Industrial,Zigbee,Video,689,645,4.94,93.95,None,0,2023-01-22 14:13:48
DEV_0880,Sensor,Urban,CoAP,Command_Control,1649,1183,12.98,53.56,Spoofing,1,2023-01-22 15:03:18
DEV_0881,Camera,Rural,BLE,Command_Control,3687,1265,36.51,67.89,None,0,2023-01-06 02:18:12
DEV_0882,Smart_Meter,Urban,MQTT,Telemetry,2942,1055,59.7,30.72,Data_Theft,1,2023-01-30 14:45:48
DEV_0883,Camera,Smart_City,BLE,Command_Control,2524,1242,89.58,65.83,Botnet,1,2023-01-20 09:57:14
DEV_0884,Router,Rural,CoAP,Normal,1918,1274,10.27,48.67,Data_Theft,1,2023-01-26 11:18:26
DEV_0885,Smart_Meter,Rural,MQTT,Video,3604,356,55.4,10.81,None,0,2023-01-10 11:44:46
DEV_0886,Router,Rural,MQTT,Normal,4575,1206,16.51,37.96,None,0,2023-01-30 12:04:02
DEV_0887,Smart_Meter,Industrial,BLE,Telemetry,977,1445,6.82,25.96,Malware,1,2023-01-20 14:29:33
DEV_0888,Router,Urban,CoAP,Video,1699,1055,84.79,40.3,None,0,2023-01-01 15:18:02
DEV_0889,Camera,Industrial,HTTP,Normal,3239,166,85.61,13.65,None,0,2023-01-15 08:40:37
DEV_0890,Router,Smart_City,MQTT,Telemetry,1704,1351,18.35,82.07,Malware,1,2023-01-17 00:18:36
DEV_0891,Wearable,Rural,BLE,Video,2168,738,1.37,62.08,None,0,2023-01-10 08:53:29
DEV_0892,Camera,Industrial,HTTP,Video,3322,727,89.58,32.99,DDoS,1,2023-01-28 00:06:26
DEV_0893,Camera,Smart_City,MQTT,Normal,684,945,45.25,5.24,None,0,2023-01-08 00:15:29
DEV_0894,Wearable,Smart_City,Zigbee,Command_Control,4616,1467,24.68,45.09,None,0,2023-01-15 05:04:37
DEV_0895,Sensor,Urban,BLE,Command_Control,2802,812,56.21,28.16,Data_Theft,1,2023-01-23 19:38:49
DEV_0896,Camera,Urban,HTTP,Video,4737,151,80.76,27.28,None,0,2023-01-26 17:04:33
DEV_0897,Router,Rural,HTTP,Video,2879,1330,9.88,63.73,None,0,2023-01-19 13:53:20
DEV_0898,Camera,Industrial,BLE,Telemetry,1470,1356,86.63,36.73,DDoS,1,2023-01-17 14:46:13
DEV_0899,Smart_Meter,Smart_City,BLE,Command_Control,1300,999,85.18,50.17,None,0,2023-01-24 00:42:56
DEV_0900,Camera,Urban,Zigbee,Command_Control,4622,95,17.24,18.08,None,0,2023-01-06 17:57:56
DEV_0901,Wearable,Rural,MQTT,Normal,3086,1482,14.97,41.09,None,0,2023-01-16 11:01:31
DEV_0902,Smart_Meter,Rural,CoAP,Normal,146,150,44.52,32.72,Botnet,1,2023-01-09 17:50:55
DEV_0903,Camera,Smart_City,HTTP,Normal,4314,1384,85.92,50.55,None,0,2023-01-12 16:13:34
DEV_0904,Camera,Urban,MQTT,Video,2674,545,3.81,21.21,Spoofing,1,2023-01-24 19:29:50
DEV_0905,Camera,Urban,HTTP,Command_Control,1076,332,54.98,17.89,DDoS,1,2023-01-29 13:28:25
DEV_0906,Camera,Smart_City,HTTP,Command_Control,4900,1488,13.85,80.7,None,0,2023-01-13 01:53:07
DEV_0907,Camera,Industrial,HTTP,Telemetry,3745,1200,16.24,59.08,None,0,2023-01-05 09:32:31
DEV_0908,Camera,Smart_City,Zigbee,Command_Control,630,110,72.92,14.88,None,0,2023-01-19 23:30:50
DEV_0909,Smart_Meter,Rural,Zigbee,Video,277,732,54.74,84.35,Botnet,1,2023-01-20 06:42:59
DEV_0910,Camera,Smart_City,HTTP,Video,4125,1196,55.65,34.25,Botnet,1,2023-01-09 03:31:53
DEV_0911,Smart_Meter,Urban,HTTP,Normal,4152,382,76.79,74.73,Data_Theft,1,2023-01-01 17:54:34
DEV_0912,Router,Urban,Zigbee,Normal,2143,1057,35.85,11.75,Malware,1,2023-01-16 03:59:12
DEV_0913,Sensor,Smart_City,MQTT,Command_Control,329,1320,70.1,32.19,Malware,1,2023-01-13 19:54:55
DEV_0914,Router,Smart_City,Zigbee,Normal,4436,504,72.03,42.16,None,0,2023-01-26 12:45:02
DEV_0915,Sensor,Rural,BLE,Video,2819,459,47.75,59.95,None,0,2023-01-16 14:06:52
DEV_0916,Smart_Meter,Industrial,Zigbee,Normal,2320,424,65.37,40.67,Malware,1,2023-01-29 12:53:02
DEV_0917,Wearable,Urban,HTTP,Command_Control,2353,610,44.9,73.53,Data_Theft,1,2023-01-20 06:14:28
DEV_0918,Sensor,Industrial,MQTT,Telemetry,4842,657,68.5,76.89,None,0,2023-01-09 23:04:21
DEV_0919,Router,Industrial,MQTT,Video,3889,111,68.79,94.05,None,0,2023-01-21 18:06:30
DEV_0920,Router,Smart_City,MQTT,Command_Control,3626,787,7.07,13.41,DDoS,1,2023-01-05 08:22:47
DEV_0921,Router,Industrial,HTTP,Video,1419,606,58.73,82.95,None,0,2023-01-20 16:40:10
DEV_0922,Wearable,Smart_City,Zigbee,Video,2212,1437,78.11,82.7,Malware,1,2023-01-09 19:51:08
DEV_0923,Smart_Meter,Rural,BLE,Command_Control,1256,184,14.98,71.45,None,0,2023-01-29 09:17:11
DEV_0924,Sensor,Rural,HTTP,Telemetry,285,979,12.09,34.39,None,0,2023-01-07 21:04:28
DEV_0925,Smart_Meter,Smart_City,CoAP,Telemetry,2742,1406,58.89,26.97,Spoofing,1,2023-01-24 13:25:20
DEV_0926,Router,Smart_City,HTTP,Command_Control,4994,589,29.78,24.88,None,0,2023-01-12 08:51:50
DEV_0927,Router,Smart_City,Zigbee,Video,4357,230,12.91,72.74,None,0,2023-01-23 17:43:22
DEV_0928,Sensor,Urban,Zigbee,Command_Control,2874,928,39.08,28.15,Botnet,1,2023-01-13 22:13:08
DEV_0929,Sensor,Industrial,HTTP,Normal,4050,537,4.88,26.65,None,0,2023-01-25 04:52:28
DEV_0930,Sensor,Industrial,CoAP,Telemetry,4552,283,15.33,18.59,None,0,2023-01-26 13:51:20
DEV_0931,Camera,Industrial,BLE,Telemetry,3131,241,18.2,82.75,None,0,2023-01-17 07:26:34
DEV_0932,Camera,Urban,HTTP,Normal,4385,1109,55.54,32.02,Data_Theft,1,2023-01-04 13:33:23
DEV_0933,Smart_Meter,Urban,BLE,Telemetry,2810,590,33.11,58.26,Botnet,1,2023-01-30 13:59:12
DEV_0934,Camera,Rural,MQTT,Telemetry,1319,1332,9.24,42.82,None,0,2023-01-08 18:21:52
DEV_0935,Router,Smart_City,Zigbee,Normal,1397,570,82.04,5.53,Spoofing,1,2023-01-05 21:42:52
DEV_0936,Router,Industrial,HTTP,Normal,3303,1359,78.57,65.02,None,0,2023-01-26 18:50:47
DEV_0937,Wearable,Smart_City,MQTT,Video,212,397,25.15,9.04,None,0,2023-01-27 18:35:39
DEV_0938,Smart_Meter,Rural,Zigbee,Telemetry,4708,872,11.27,43.11,None,0,2023-01-27 11:13:55
DEV_0939,Sensor,Industrial,CoAP,Command_Control,2752,550,74.29,17.61,Botnet,1,2023-01-08 05:16:22
DEV_0940,Smart_Meter,Rural,Zigbee,Normal,2089,199,83.73,22.02,None,0,2023-01-14 12:14:45
DEV_0941,Camera,Urban,CoAP,Video,3269,934,44.97,87.02,None,0,2023-01-02 08:55:48
DEV_0942,Router,Smart_City,CoAP,Video,1596,1066,46.45,45.97,DDoS,1,2023-01-22 20:14:32
DEV_0943,Smart_Meter,Smart_City,CoAP,Command_Control,1203,672,10.11,19.06,Data_Theft,1,2023-01-03 19:44:39
DEV_0944,Camera,Urban,HTTP,Video,1572,215,13.53,88.75,Spoofing,1,2023-01-04 11:16:58
DEV_0945,Camera,Rural,BLE,Normal,2979,1316,28.76,79.4,None,0,2023-01-20 00:35:43
DEV_0946,Router,Rural,BLE,Telemetry,500,742,2.72,48.33,DDoS,1,2023-01-25 10:53:33
DEV_0947,Router,Smart_City,CoAP,Video,1379,949,36.92,86.32,DDoS,1,2023-01-23 20:42:41
DEV_0948,Camera,Urban,BLE,Normal,1043,148,16.91,46.33,Botnet,1,2023-01-20 02:22:49
DEV_0949,Camera,Urban,MQTT,Normal,1154,1429,60.55,17.34,Malware,1,2023-01-26 22:10:23
DEV_0950,Wearable,Urban,CoAP,Command_Control,3053,705,78.93,80.59,None,0,2023-01-22 05:11:06
DEV_0951,Wearable,Smart_City,Zigbee,Video,3941,367,53.79,74.46,None,0,2023-01-08 04:15:35
DEV_0952,Camera,Industrial,MQTT,Normal,4535,1056,25.23,62.56,None,0,2023-01-10 15:06:03
DEV_0953,Sensor,Industrial,HTTP,Command_Control,1592,775,84.25,93.73,None,0,2023-01-07 18:09:29
DEV_0954,Smart_Meter,Smart_City,HTTP,Command_Control,3347,588,72.78,45.66,Data_Theft,1,2023-01-20 03:14:05
DEV_0955,Sensor,Smart_City,Zigbee,Command_Control,1523,1324,57.91,86.73,Spoofing,1,2023-01-11 20:06:45
DEV_0956,Camera,Industrial,CoAP,Command_Control,1370,1080,74.71,69.59,None,0,2023-01-20 03:44:05
DEV_0957,Smart_Meter,Smart_City,MQTT,Telemetry,1396,1004,82.64,33.97,None,0,2023-01-25 13:12:15
DEV_0958,Router,Smart_City,HTTP,Telemetry,2856,485,16.59,36.05,None,0,2023-01-17 11:51:22
DEV_0959,Smart_Meter,Rural,CoAP,Normal,2204,801,64.28,92.8,Spoofing,1,2023-01-16 00:23:32
DEV_0960,Sensor,Urban,HTTP,Telemetry,107,1377,68.07,81.26,DDoS,1,2023-01-29 11:21:19
DEV_0961,Router,Smart_City,HTTP,Video,1374,179,66.25,20.94,None,0,2023-01-08 02:57:14
DEV_0962,Camera,Rural,MQTT,Telemetry,4981,275,57.54,87.35,Malware,1,2023-01-09 23:24:01
DEV_0963,Wearable,Urban,MQTT,Command_Control,4246,1169,15.23,51.53,Spoofing,1,2023-01-29 21:05:36
DEV_0964,Smart_Meter,Industrial,HTTP,Normal,3756,213,39.24,71.93,Botnet,1,2023-01-16 23:45:49
DEV_0965,Router,Smart_City,BLE,Video,813,1204,33.46,27.95,Botnet,1,2023-01-30 09:38:38
DEV_0966,Camera,Smart_City,Zigbee,Command_Control,751,935,57.38,77.54,None,0,2023-01-07 18:35:11
DEV_0967,Smart_Meter,Industrial,HTTP,Telemetry,1659,121,43.58,67.02,Malware,1,2023-01-11 23:54:40
DEV_0968,Sensor,Industrial,HTTP,Video,3759,1111,39.4,59.61,None,0,2023-01-16 21:12:20
DEV_0969,Camera,Industrial,HTTP,Video,1279,1001,57.8,86.51,Data_Theft,1,2023-01-28 17:15:38
DEV_0970,Wearable,Smart_City,MQTT,Video,4408,1079,15.92,29.41,Data_Theft,1,2023-01-01 03:02:18
DEV_0971,Wearable,Industrial,MQTT,Video,1263,197,64.13,92.34,Spoofing,1,2023-01-20 22:37:59
DEV_0972,Wearable,Smart_City,CoAP,Telemetry,682,753,60.18,19.36,Botnet,1,2023-01-20 03:16:33
DEV_0973,Camera,Rural,MQTT,Telemetry,330,356,41.0,73.07,None,0,2023-01-17 02:54:51
DEV_0974,Wearable,Urban,MQTT,Command_Control,1256,809,14.88,38.63,None,0,2023-01-25 13:01:32
DEV_0975,Sensor,Rural,MQTT,Telemetry,3742,1124,2.61,84.89,Malware,1,2023-01-16 02:40:49
DEV_0976,Smart_Meter,Urban,CoAP,Command_Control,654,671,42.07,32.26,None,0,2023-01-02 06:49:46
DEV_0977,Wearable,Rural,HTTP,Command_Control,4669,361,87.84,66.61,None,0,2023-01-16 21:30:12
DEV_0978,Smart_Meter,Rural,MQTT,Telemetry,2380,156,17.4,19.31,Data_Theft,1,2023-01-10 17:59:49
DEV_0979,Sensor,Smart_City,Zigbee,Video,2115,132,49.4,50.83,None,0,2023-01-22 02:23:47
DEV_0980,Sensor,Smart_City,HTTP,Telemetry,326,1142,10.28,61.37,Malware,1,2023-01-28 05:33:28
DEV_0981,Camera,Urban,MQTT,Normal,3545,1311,20.4,58.3,Data_Theft,1,2023-01-19 07:43:03
DEV_0982,Sensor,Industrial,Zigbee,Telemetry,2148,137,37.17,5.86,Data_Theft,1,2023-01-13 05:15:21
DEV_0983,Smart_Meter,Rural,BLE,Command_Control,2633,1169,25.32,6.32,Malware,1,2023-01-11 02:42:48
DEV_0984,Camera,Industrial,Zigbee,Telemetry,3189,167,41.92,91.55,Botnet,1,2023-01-12 13:57:30
DEV_0985,Wearable,Urban,HTTP,Telemetry,2460,794,79.81,78.21,None,0,2023-01-13 07:09:55
DEV_0986,Sensor,Smart_City,HTTP,Telemetry,2221,1499,12.59,56.56,Malware,1,2023-01-25 23:48:24
DEV_0987,Sensor,Urban,MQTT,Command_Control,4038,478,81.33,22.93,Data_Theft,1,2023-01-29 23:44:58
DEV_0988,Wearable,Rural,CoAP,Command_Control,257,958,9.51,64.03,None,0,2023-01-08 18:09:40
DEV_0989,Camera,Rural,HTTP,Telemetry,1505,356,13.39,45.36,Spoofing,1,2023-01-14 04:57:32
DEV_0990,Wearable,Urban,HTTP,Command_Control,711,1464,32.11,82.23,None,0,2023-01-01 20:28:29
DEV_0991,Camera,Industrial,HTTP,Video,2213,1413,59.36,5.66,Spoofing,1,2023-01-20 02:51:13
DEV_0992,Wearable,Smart_City,HTTP,Telemetry,483,834,69.96,59.11,DDoS,1,2023-01-01 16:02:14
DEV_0993,Smart_Meter,Smart_City,HTTP,Telemetry,1214,683,81.45,59.32,Botnet,1,2023-01-09 05:17:10
DEV_0994,Sensor,Urban,MQTT,Telemetry,1976,181,12.67,15.98,Botnet,1,2023-01-02 09:27:51
DEV_0995,Camera,Smart_City,HTTP,Command_Control,461,299,49.88,14.03,DDoS,1,2023-01-15 22:20:04
DEV_0996,Sensor,Industrial,MQTT,Video,2780,740,86.5,8.77,Data_Theft,1,2023-01-10 11:55:55
DEV_0997,Camera,Smart_City,MQTT,Telemetry,1179,451,44.8,53.5,Spoofing,1,2023-01-29 17:48:29
DEV_0998,Sensor,Urban,HTTP,Command_Control,408,986,9.41,60.06,None,0,2023-01-22 16:26:06
DEV_0999,Smart_Meter,Urban,Zigbee,Telemetry,948,144,41.12,89.47,Malware,1,2023-01-07 02:58:50
DEV_1000,Smart_Meter,Smart_City,CoAP,Command_Control,4190,732,50.04,56.8,Spoofing,1,2023-01-05 10:45:28
